goodFit,Tx,Ty,L_x,L_y,N_R,N_L,TxoTf,N_pix_sum,p_L,RMSE,R_x,R_y,delta_x,delta_y,x_centre,y_centre,psd,N_ratio,sigmaProd,sigmaY,sigmaX,N_fit,z
0.0,7.48795e-05,1.1910563e-07,450.5707,635.5942,992.06946,17.539446,100.72878,3682.2214,0.017372515,2.0534961,475.5709,201.77164,-25.000156,433.8225,460.68176,95.594505,0.0025706291,1.1372421,197.26038,2.804867,70.32789,4187.577,0.96525496
0.0,9.6923286e-05,1.2007797e-07,-952.557,480.2559,920.73914,188.76607,120.60983,3941.61,0.17013536,2.1044164,478.4258,202.2835,-1430.9828,277.97238,466.89807,95.92126,0.002178479,1.3421388,225.33984,2.8162928,80.01293,5290.188,0.6597293
0.0,5.149929e-05,1.2770484e-07,466.9901,658.5674,11.8488245,-1013.767,88.23506,-1507.1016,1.0118262,2.187403,478.60324,203.25012,-11.613156,455.3173,481.6012,96.03141,0.0019648126,-1.3448446,169.39343,2.9043558,58.323925,2026.8174,-1.0236523
0.0,4.713987e-06,1.4579922e-07,-924.96356,359.09113,-882.5615,-1970.5222,11.404724,-1488.9733,0.690664,2.0462077,476.93176,197.44458,-1401.8954,161.64655,538.8975,96.090454,0.020656124,-0.4834569,54.760075,3.1032996,17.645758,719.85443,-0.381328
0.0,7.758422e-06,1.43489e-07,541.25775,640.9735,186.34755,-944.56915,17.814322,1359.0637,1.2457693,2.2253299,475.8445,203.61003,65.413246,437.36346,540.2866,96.13082,0.011721352,0.61959285,69.69285,3.0786154,22.637726,842.06616,-1.4915385
0.0,1.0227176e-05,1.3503569e-07,465.83722,448.1177,107.97711,-781.6143,20.963835,2058.7185,1.1602898,2.043861,476.67368,203.093,-10.8364315,245.02469,545.0493,96.06906,0.011923458,0.5748999,77.62371,2.9865541,25.99106,1183.5571,-1.3205794
0.0,1.0769928e-05,1.3322241e-07,-473.71094,611.9467,-73.42888,-1138.8016,20.274446,2051.2075,0.93942666,2.2453806,477.70612,206.2592,-951.41705,405.6875,541.50037,95.77714,0.014536502,0.7449309,79.120186,2.9664347,26.671812,1528.0079,-0.87885326
0.0,6.0430643e-06,1.3981793e-07,472.3778,545.4325,-44.908302,-1087.7252,13.852619,1502.7622,0.9603506,1.9897339,476.78986,206.46686,-4.4120603,338.9656,545.414,95.867294,0.017815555,0.5631443,60.715878,3.0389779,19.979046,846.272,-0.9207011
0.0,9.183378e-06,1.3088756e-07,537.3761,183.24313,264.09457,-805.419,18.646015,2297.6787,1.4878675,2.1558638,479.1303,203.6004,58.245777,-20.357273,542.76697,95.92074,0.015109558,0.5300224,72.41735,2.9403248,24.629032,1217.8212,-1.975735
0.0,1.3339429e-05,1.3353653e-07,-433.74677,191.67203,154.76863,-765.6487,23.383118,2883.1736,1.2533535,2.1982405,476.21844,207.01213,-909.9652,-15.340096,542.43115,95.99746,0.013015246,0.65639925,88.15783,2.9699297,29.683474,1892.513,-1.5067071
0.0,8.609526e-06,1.3459905e-07,-990.0783,188.58727,-214.88803,-1219.9218,16.59956,2138.6213,0.85023236,2.106458,476.9383,205.38593,-1467.0166,-16.798658,545.0849,96.031235,0.018641032,0.665041,71.105446,2.9817219,23.847109,1422.271,-0.7004648
0.0,1.4584991e-05,1.3182705e-07,471.0837,236.3682,66.402855,-1184.4572,24.709026,2898.8381,1.0593915,2.2774417,478.59534,203.20982,-7.511614,33.158367,545.7486,95.90529,0.012856992,0.723206,91.589905,2.9508586,31.038391,2096.457,-1.1187829
0.0,1.3394918e-05,1.223914e-07,446.1714,141.3981,-60.53869,-1054.8068,22.451622,2879.2693,0.94572204,2.1010218,473.4044,175.34502,-27.232988,-33.946903,545.7793,95.73487,0.016861433,0.75184643,84.574165,2.8432927,29.74515,2164.7683,-0.8914441
0.0,1.4656832e-05,1.1980818e-07,-176.9695,184.98325,231.4721,-895.25507,21.180122,4851.042,1.3487165,2.6071973,478.98538,206.83812,-655.9549,-21.854874,548.3749,95.89278,0.023735544,0.69636106,87.52972,2.813127,31.11474,3378.0767,-1.6974331
0.0,1.8014016e-05,1.2599793e-07,454.64474,184.49873,-341.95132,-1572.2434,26.182346,3574.447,0.82136023,2.423498,477.84723,204.03128,-23.20247,-19.532536,545.81366,95.90857,0.015874466,0.92882043,99.51286,2.8848805,34.49462,3320.0193,-0.64272046
0.0,2.1462556e-05,1.2146883e-07,462.90106,670.5674,46.93583,-1234.0421,26.473307,6720.464,1.039538,2.6015277,472.4855,199.43413,-9.584437,471.13327,549.2963,95.80683,0.021098647,0.8082679,106.651115,2.8325562,37.651894,5431.9355,-1.079076
0.0,1.9471112e-05,1.2514818e-07,446.82974,1165.1605,-330.63217,-1503.7999,23.789162,6724.4834,0.8197632,2.6139271,476.38666,117.52772,-29.556923,1047.6328,549.5171,95.8393,0.024025155,0.83121,103.10979,2.875136,35.86258,5589.458,-0.63952637
0.0,1.8127303e-05,1.2668187e-07,468.0886,178.1673,-90.77512,-1528.8367,22.975615,6017.287,0.94395256,2.493809,479.7118,203.61623,-11.623227,-25.448933,549.93085,95.962555,0.02352236,0.8320169,100.09585,2.8926997,34.602917,5006.4844,-0.8879051
0.0,1.7794851e-05,1.2280869e-07,479.45496,314.3037,-99.202774,-1407.9001,24.15176,5179.232,0.9341765,2.5950465,474.31326,128.26385,5.1416774,186.03986,548.63385,96.00318,0.02063506,0.787238,97.64589,2.8481357,34.28414,4077.2883,-0.868353
0.0,2.3525086e-05,1.2350296e-07,438.24112,378.2901,-174.44489,-1183.32,26.77126,7680.1885,0.8715205,2.6120899,474.92496,207.752,-36.683815,170.53812,550.41437,96.08606,0.022836464,0.90063816,112.58915,2.856175,39.419556,6917.0713,-0.7430411
0.0,2.3732668e-05,1.2117536e-07,111.077995,187.51335,-547.2213,-1384.3588,25.894777,8436.512,0.7166976,2.8744955,473.91025,213.44423,-362.83228,-25.930876,551.61993,95.99786,0.026309727,0.9301977,112.0141,2.8291326,39.59309,7847.624,-0.43339515
0.0,2.4079936e-05,1.2398931e-07,-498.07318,185.55974,-308.6326,-1397.0521,24.233746,10715.677,0.81905645,3.0595012,471.7873,213.20378,-969.8605,-27.64404,552.0482,96.119026,0.031695645,0.933297,114.13321,2.861793,39.88171,10000.908,-0.63811296
0.0,2.2198963e-05,1.2047165e-07,363.00894,193.93015,-673.09534,-1699.3922,24.821562,7632.9253,0.7162913,3.056839,473.36908,208.79506,-110.36015,-14.864912,551.4174,96.12326,0.02726082,0.95533293,108.01922,2.8209057,38.29239,7291.9854,-0.43258262
0.0,1.9358442e-05,1.2153208e-07,458.15247,236.67819,-499.0968,-1690.6045,22.495523,7679.3794,0.7720708,2.7135797,471.91327,197.89735,-13.760789,38.780827,550.5463,96.01768,0.029433051,0.8459247,101.314804,2.8332937,35.758667,6496.177,-0.54414165
0.0,2.4242861e-05,1.2205845e-07,472.4887,1144.5754,-594.5478,-1792.1532,26.209568,8419.844,0.7508914,2.7760286,475.90152,198.67975,-3.4128013,945.8957,550.4947,96.280785,0.025911879,0.95808285,113.62349,2.8394227,40.016403,8066.9077,-0.5017828
0.0,2.1414015e-05,1.2213965e-07,-722.5923,186.76634,-548.22534,-1741.0344,22.995789,9114.844,0.76052284,3.0347936,475.43686,201.99649,-1198.0292,-15.23014,551.5814,96.23041,0.031817917,0.9030987,106.824196,2.840367,37.609295,8231.604,-0.52104574
0.0,2.3245857e-05,1.2454873e-07,469.58713,186.91573,-855.1112,-2176.021,23.145052,10317.8,0.7178905,3.107324,475.15564,205.10689,-5.5685163,-18.191168,552.26105,96.13356,0.03427594,1.0009449,112.391815,2.868242,39.184914,10327.549,-0.43578097
0.0,2.4162036e-05,1.2320672e-07,201.39137,619.3435,-749.1711,-2064.3792,23.96908,10445.775,0.73372746,3.2019808,477.663,204.59216,-276.27164,414.75137,551.7215,96.13748,0.0332391,0.999634,113.96624,2.8527474,39.949642,10441.952,-0.46745497
0.0,2.2097312e-05,1.2220761e-07,-578.0213,177.69612,-466.2036,-2052.4175,22.31261,10515.047,0.8148973,3.1030111,529.7133,199.79599,-1107.7346,-22.099865,552.1396,96.16001,0.036480874,0.9416535,108.54532,2.8411572,38.204617,9901.53,-0.6297946
0.0,2.243512e-05,1.2252674e-07,-30.137905,671.7186,-317.34183,-1664.9071,22.472937,11150.771,0.8399082,3.2128325,478.3484,167.16359,-508.4863,504.55502,552.8485,96.18929,0.03638492,0.9095696,109.514565,2.8448644,38.495533,10142.403,-0.67981637
0.0,2.8894936e-05,1.2299631e-07,-386.29822,181.68575,-544.7721,-2009.9844,26.673033,11558.116,0.78676164,3.26541,474.79706,201.29718,-861.0953,-19.611425,553.0287,96.49963,0.031625103,1.1212337,124.52288,2.8503106,43.687477,12959.35,-0.5735233
0.0,3.2776068e-05,1.2649889e-07,-138.43987,183.07419,-622.39996,-2346.2363,27.208115,14831.641,0.79034144,3.5955658,475.434,203.64442,-613.87384,-20.570246,552.41815,96.54044,0.034511566,1.2014934,134.49745,2.89061,46.52909,17820.117,-0.58068293
0.0,2.1718917e-05,1.2286766e-07,-291.80423,200.3523,-565.5415,-1867.3564,22.221796,10816.952,0.7675441,3.1005657,478.02573,202.4224,-769.82996,-2.0700955,552.7483,96.339134,0.035695862,0.879847,107.90215,2.8488195,37.876095,9517.263,-0.5350882
0.0,1.9421737e-05,1.2092494e-07,-318.47888,181.35751,-381.17407,-1719.6667,20.96399,9226.366,0.8185612,2.9312873,473.0867,214.30974,-791.5656,-32.952232,551.9201,96.33718,0.03682061,0.87851,101.2265,2.8262076,35.817078,8105.455,-0.6371224
0.0,2.038689e-05,1.2115044e-07,433.60605,190.97678,-756.79224,-1989.2695,21.663902,9794.918,0.72440815,2.921462,473.86258,209.9533,-40.256542,-18.976517,552.558,96.470146,0.035783555,0.8673156,103.80785,2.8288414,36.696243,8495.285,-0.4488163
0.0,2.4839563e-05,1.2298567e-07,285.49698,191.83046,-964.17865,-2464.3628,22.910872,12543.579,0.7187788,3.4768877,477.35672,201.3632,-191.85974,-9.532748,553.44904,96.54435,0.039779924,1.0356684,115.44934,2.850187,40.505882,12990.987,-0.43755752
0.0,2.6522324e-05,1.2350554e-07,471.70688,574.9798,-828.20825,-1970.8662,23.934105,13393.131,0.70411354,3.5517356,477.98267,-383.61115,-6.275775,958.59094,553.01306,96.68071,0.038255237,1.0357057,119.54771,2.8562047,41.85544,13871.341,-0.40822706
0.0,2.4717754e-05,1.204655e-07,477.59604,251.03334,-1107.1575,-2158.1387,24.074314,10552.674,0.66093194,3.3450243,475.07358,206.58028,2.5224354,44.453053,553.3085,96.58688,0.035108507,1.0455334,113.97985,2.8208334,40.406445,11033.173,-0.32186395
0.0,2.3288881e-05,1.2388675e-07,473.8945,421.96558,-659.3956,-1721.2827,23.367737,10598.623,0.723022,3.1111987,535.2513,194.685,-61.356792,227.2806,553.28406,96.73271,0.0336659,0.95209765,112.19642,2.8606093,39.22116,10090.925,-0.44604394
0.0,2.4331825e-05,1.2375327e-07,-112.460785,183.407,-511.9713,-2121.0483,24.184006,10112.545,0.80555737,3.1627984,477.3711,200.01115,-589.83185,-16.604162,551.87195,96.62437,0.032486044,1.0266299,114.61934,2.859068,40.08976,10381.841,-0.6111147
0.0,2.3101538e-05,1.2065668e-07,-374.6506,179.1291,-946.95746,-1992.6243,22.422855,11067.458,0.6778598,3.3191588,472.6148,215.20226,-847.2654,-36.073143,552.9986,96.63573,0.039166622,1.0072497,110.27787,2.823071,39.063087,11147.694,-0.3557196
0.0,2.6817937e-05,1.2179653e-07,-282.13007,242.32562,-732.3726,-2247.733,24.124111,13193.946,0.75424606,3.3641489,481.5048,-316.82135,-763.6349,559.147,553.196,96.6412,0.038787022,1.0614088,119.37747,2.8363745,42.08805,14004.17,-0.5084922
0.0,3.0130483e-05,1.2628514e-07,465.56323,182.3838,-843.4377,-2355.6497,25.34443,15175.824,0.73635054,3.7005403,471.6338,203.61115,-6.070583,-21.22735,553.5412,96.9427,0.037730098,1.1286355,128.84615,2.8881667,44.61174,17127.975,-0.47270107
0.0,2.5653479e-05,1.2203571e-07,-155.50809,189.20978,-728.4251,-2248.737,23.682676,12326.926,0.755329,3.4135122,474.58264,201.82579,-630.09076,-12.616019,552.4971,96.78519,0.038242944,1.0510584,116.87156,2.8391583,41.164158,12956.319,-0.5106581
0.0,2.5905443e-05,1.2183173e-07,-244.73447,185.68333,-861.07294,-2280.2566,23.355867,13306.284,0.725889,3.5040011,476.30316,209.33324,-721.03766,-23.649893,553.28827,96.96311,0.04056137,1.0453542,117.34591,2.8367844,41.365818,13909.781,-0.45177802
0.0,2.6204667e-05,1.2393647e-07,544.5158,180.33032,-1268.8677,-2272.6165,22.664476,15005.85,0.641713,3.7733235,472.4082,220.60501,72.10759,-40.27469,553.462,97.10484,0.044013612,1.049962,119.036766,2.8611834,41.604034,15755.572,-0.28342602
0.0,2.738907e-05,1.2621857e-07,436.54642,177.49187,-1208.723,-2730.5583,23.613867,14405.789,0.69316155,3.6184156,474.84476,209.7603,-38.29835,-32.268436,553.08356,97.03842,0.0404608,1.1041517,122.812485,2.8874054,42.533855,15906.177,-0.3863231
0.0,3.2558524e-05,1.2668805e-07,-248.781,190.00093,-1238.2358,-2568.914,26.369123,16170.612,0.6747604,3.826954,473.70663,210.28319,-722.4876,-20.28226,553.6115,97.0639,0.037450828,1.1866318,134.15053,2.8927703,46.374416,19188.56,-0.34952086
0.0,2.9754414e-05,1.232457e-07,464.0206,550.3838,-1012.8334,-2218.903,25.708029,13501.211,0.68659776,3.5664656,479.91904,198.63864,-15.898433,351.74515,553.917,97.03188,0.036797468,1.1706053,126.48931,2.8531988,44.33246,15804.59,-0.3731956
0.0,2.8615084e-05,1.2497543e-07,-981.4497,193.5847,-1176.2207,-2859.3123,24.445225,14598.656,0.708534,3.6230302,479.80188,198.51233,-1461.2516,-4.927634,553.5974,97.116425,0.03953014,1.1200192,124.9114,2.8731508,43.475407,16350.775,-0.41706795
0.0,3.2321463e-05,1.241689e-07,-1046.1108,180.44472,-1265.5734,-3140.0957,26.167301,15391.812,0.7127398,3.7873406,475.36728,200.25713,-1521.478,-19.812397,553.21265,97.131454,0.039065666,1.2480783,132.3257,2.8638651,46.20528,19210.188,-0.4254796
0.0,3.103257e-05,1.2521626e-07,314.52725,183.0806,-1066.5016,-2669.672,25.492573,15858.777,0.7145471,3.6988513,474.0337,199.82262,-159.50642,-16.74202,553.34015,96.983536,0.039250873,1.159519,130.20615,2.875918,45.27464,18388.55,-0.42909425
0.0,4.2191743e-05,1.2522088e-07,-814.72186,172.53264,-1015.0839,-3184.2595,30.66112,17583.014,0.75827557,4.0768085,477.71478,200.07455,-1292.4366,-27.541922,553.44806,97.18327,0.03576161,1.5106388,151.82538,2.875971,52.790997,26561.582,-0.51655114
0.0,2.9970553e-05,1.248142e-07,-535.49603,172.79384,-1078.9635,-3084.7954,25.196472,14166.917,0.7408679,3.7034569,472.42938,202.7836,-1007.9254,-29.989769,552.9991,97.17398,0.038768746,1.210947,127.75316,2.8712971,44.493187,17155.385,-0.48173586
0.0,2.4285771e-05,1.228216e-07,406.59366,176.41193,-1244.1298,-2789.0786,22.317709,12361.533,0.6915285,3.6621056,471.40497,214.0244,-64.81133,-37.612476,553.4765,97.187904,0.041689005,1.0625998,114.078964,2.8482854,40.051804,13135.362,-0.38305703
0.0,2.5020247e-05,1.2278414e-07,-424.07278,186.25832,-1055.6107,-2380.0537,22.942327,12468.442,0.6927492,3.5473776,474.7703,201.51181,-898.8431,-15.253501,554.04175,97.25142,0.04014821,1.060438,115.7735,2.847851,40.652935,13222.011,-0.38549837
0.0,2.5138923e-05,1.2433496e-07,546.11,180.8744,-1369.3634,-2431.0955,22.5622,13473.326,0.63968474,3.6146357,469.19443,214.9695,76.91552,-34.095093,554.54834,97.24822,0.04171963,1.0465405,116.77831,2.8657794,40.749233,14100.381,-0.2793694
0.0,3.0893065e-05,1.2500895e-07,-883.56995,185.46286,-1401.4396,-3216.6858,25.131702,15487.179,0.69653493,3.8498778,477.6022,199.3057,-1361.1721,-13.842841,554.1041,97.35122,0.040791426,1.2225883,129.80556,2.873536,45.172756,18934.443,-0.3930699
0.0,2.733543e-05,1.2567358e-07,465.0526,175.65747,-1604.55,-3003.9407,23.494692,13900.681,0.65182745,4.005367,470.46796,215.71628,-5.4153605,-40.058807,554.03815,97.33735,0.04122574,1.1549622,122.426994,2.8811648,42.492188,16054.761,-0.30365488
0.0,2.5330763e-05,1.2451736e-07,-585.8432,193.62569,-913.5314,-2322.669,22.792288,13754.396,0.7177148,3.6709578,474.28088,204.23279,-1060.1241,-10.607094,554.46454,97.362724,0.040843084,1.0173602,117.309,2.8678806,40.904423,13993.176,-0.43542963
0.0,2.3796767e-05,1.2422012e-07,469.16708,175.62163,-1518.4984,-2878.1091,21.912004,12214.052,0.6546204,3.7764993,467.34073,214.86263,1.8263408,-39.241005,554.15576,97.37303,0.042004652,1.0690131,113.565704,2.8644557,39.646523,13056.982,-0.30924085
0.0,2.6133828e-05,1.220613e-07,-553.13873,184.41331,-1002.1663,-2706.2588,24.540295,10980.828,0.7297596,3.4216516,476.99448,200.13893,-1030.1332,-15.725613,553.4487,97.16258,0.035330757,1.121166,117.97303,2.8394558,41.547764,12311.33,-0.45951918
0.0,2.3238754e-05,1.2263394e-07,474.8976,177.28255,-1610.6038,-2787.7874,21.03411,13095.753,0.6338198,3.7845232,464.82324,216.31842,10.074374,-39.035877,554.30115,97.32914,0.046718147,1.0497139,111.50748,2.8461084,39.17893,13746.793,-0.26763958
0.0,2.9815306e-05,1.2528741e-07,-412.52017,174.2315,-1316.8798,-3096.1133,25.548836,13437.644,0.70159036,3.7704842,471.91306,202.27351,-884.4332,-28.042006,554.3927,97.437706,0.036689274,1.2056371,127.66316,2.876735,44.3778,16200.922,-0.40318066
0.0,2.7172198e-05,1.2513172e-07,474.94434,180.49104,-1961.9062,-3002.8027,23.491316,13662.676,0.60482955,3.950756,-227.76233,217.09714,702.70667,-36.606094,554.61224,97.60832,0.041140426,1.1546539,121.797485,2.8749468,42.365128,15775.662,-0.20965913
0.0,2.4036555e-05,1.1966566e-07,475.21603,179.2279,-1419.9867,-2336.393,22.348509,11999.523,0.62198,3.6906643,-474.16797,216.04773,949.384,-36.819824,555.1279,97.29017,0.042507257,1.0569204,112.02453,2.8114533,39.84577,12682.54,-0.24396
0.0,2.4038936e-05,1.2334007e-07,476.0625,182.49567,-1716.4086,-2523.1704,22.92782,10626.878,0.5951465,3.4902914,533.39056,215.65721,-57.32805,-33.161545,554.50323,97.52492,0.037625555,1.1055717,113.73705,2.854291,39.847744,11748.776,-0.19029292
0.0,2.3174782e-05,1.2209861e-07,410.36435,172.502,-1362.4912,-2925.2048,22.30483,10567.286,0.6822323,3.554878,468.29318,204.2649,-57.928833,-31.76289,554.7197,97.57345,0.039274916,1.0819865,111.11059,2.8398898,39.124966,11433.662,-0.36446464
0.0,2.8846805e-05,1.2754296e-07,539.09033,179.05627,-1843.1655,-2883.232,24.431017,13904.578,0.6100274,3.8974981,473.5893,216.36995,65.501,-37.31367,554.73706,97.71541,0.038876932,1.2068298,126.69788,2.9025142,43.651077,16780.459,-0.22005478
0.0,2.7367105e-05,1.2320756e-07,472.0026,175.96771,-1691.2051,-3067.201,24.039831,12531.504,0.6445858,3.930713,471.1336,215.09447,0.8689862,-39.12675,554.1422,97.71682,0.039714377,1.2001193,121.2901,2.852757,42.5168,15039.299,-0.2891716
0.0,2.6096479e-05,1.2572066e-07,427.3006,180.5451,-1654.8842,-2996.2898,23.70192,11667.525,0.64420074,3.6567338,475.28482,204.48402,-47.984234,-23.93892,554.6506,97.822655,0.03743407,1.1661426,119.642784,2.8817046,41.518063,13605.998,-0.28840154
0.0,2.9294148e-05,1.240089e-07,-1337.7006,473.47842,-1513.0249,-2890.9885,25.048275,13570.758,0.6564441,3.5215328,527.8319,164.43661,-1865.5325,309.0418,555.18896,97.67063,0.03850466,1.201546,125.89519,2.8620193,43.988235,16305.889,-0.31288815
0.0,2.8878181e-05,1.2217997e-07,470.0745,181.13065,-1600.3617,-2919.9465,25.310356,12370.08,0.6459618,3.7144134,473.75153,209.83415,-3.677045,-28.703499,554.0456,97.75139,0.037352078,1.2239892,124.07297,2.8408358,43.674812,15140.845,-0.2919236
0.0,2.6547561e-05,1.2456161e-07,455.1862,178.81609,-1846.3698,-3109.5547,23.352219,12607.1875,0.62744194,3.742648,476.55316,211.82248,-21.36698,-33.006386,555.6341,97.90462,0.040722176,1.1879729,120.11484,2.8683903,41.875347,14976.998,-0.25488383
0.0,2.6183967e-05,1.2721011e-07,584.80475,171.7264,-1399.6848,-3235.639,23.158806,13603.599,0.6980395,3.7531161,471.29565,202.72876,113.50906,-31.002363,554.56757,97.8636,0.039625697,1.0830269,120.55099,2.8987246,41.587597,14733.063,-0.3960789
0.0,2.852812e-05,1.2379155e-07,470.27087,181.77371,-1761.8171,-2938.166,24.70363,12973.9375,0.62514395,3.6853848,536.6958,191.36624,-66.424934,-9.592535,554.41394,97.72476,0.038676374,1.2100427,124.1293,2.85951,43.409294,15699.019,-0.25028792
0.0,3.0571187e-05,1.2321239e-07,-483.20972,278.12225,-1627.0055,-3022.9475,25.797398,13657.324,0.6501028,3.8219955,529.93774,188.34251,-1013.14746,89.77973,555.3005,97.8608,0.037941452,1.2421639,128.19633,2.852813,44.936813,16964.635,-0.3002056
0.0,2.6066313e-05,1.2176355e-07,475.68222,179.3069,-1498.6022,-2474.6233,23.50736,12185.501,0.6228248,3.580403,469.1869,212.4972,6.495322,-33.190296,555.0108,97.78737,0.040187087,1.1405623,117.67676,2.8359904,41.494057,13898.323,-0.24564958
0.0,2.6404838e-05,1.2397477e-07,-562.9964,154.25499,-1841.0701,-3145.6804,23.59297,12089.205,0.63080764,3.606385,480.63687,-154.31071,-1043.6333,308.5657,555.1956,97.935905,0.039448645,1.1820617,119.50901,2.8616254,41.762634,14290.186,-0.2616153
0.0,2.490391e-05,1.2321082e-07,365.29523,178.4232,-1458.6661,-2799.956,22.815859,12078.671,0.65747935,3.5523088,475.10434,208.1316,-109.80913,-29.708399,555.2137,97.89012,0.040324803,1.0975093,115.704544,2.852795,40.55831,13256.453,-0.31495866
0.0,2.180214e-05,1.2578626e-07,-1004.48065,178.95824,-1471.6635,-2843.8452,20.591894,11919.6045,0.65898263,3.5835261,470.19354,204.1825,-1474.6742,-25.224264,554.9389,98.08998,0.043557677,1.015037,109.385155,2.882456,37.948593,12098.839,-0.31796524
0.0,3.0601404e-05,1.2803713e-07,473.15787,175.03688,-2191.1445,-3512.5432,25.221388,13963.319,0.6158372,3.980747,464.85596,213.39255,8.30191,-38.355675,555.13684,98.206856,0.038384512,1.3039584,130.74673,2.9081316,44.959015,18207.588,-0.23167443
0.0,3.40529e-05,1.2795765e-07,452.6421,179.0209,-2035.5067,-3387.816,26.995214,14978.32,0.62467533,3.9215975,475.4739,206.48296,-22.831821,-27.462044,555.2719,98.185585,0.036781237,1.3660741,137.88036,2.907229,47.426727,20461.494,-0.2493507
0.0,2.8251543e-05,1.2609857e-07,479.37427,180.03293,-2316.4802,-3200.4155,24.13762,13460.17,0.5801117,3.6965067,473.5684,217.39018,5.805866,-37.357254,555.4975,98.01984,0.039743807,1.2143055,124.67185,2.8860323,43.198357,16344.758,-0.16022332
0.0,2.586526e-05,1.2541929e-07,458.28705,177.01294,-2231.6958,-3520.2598,22.366268,13177.136,0.61201096,3.8093855,472.73593,205.45229,-14.448875,-28.439339,555.4639,98.07869,0.0441167,1.1964217,118.968735,2.8782485,41.333725,15765.411,-0.22402185
0.0,2.9440289e-05,1.2505663e-07,536.4529,177.76657,-2503.8572,-3629.9514,24.417969,13800.658,0.5917941,3.9795284,564.8059,216.37617,-28.353056,-38.609608,554.87396,98.12806,0.041350357,1.2945929,126.74086,2.8740842,44.097824,17866.232,-0.1835881
0.0,2.8192999e-05,1.2184375e-07,-1282.385,585.3458,-1758.9722,-3375.5093,24.533651,12686.737,0.6574197,3.6685321,477.09735,199.24864,-1759.4823,386.09717,555.1606,98.083466,0.039726034,1.2193338,122.42342,2.8369243,43.153572,15469.367,-0.3148394
0.0,2.8284188e-05,1.3039924e-07,532.54205,174.09996,-2625.0344,-4206.2383,23.533949,14275.535,0.6157327,3.9051695,462.3052,205.85606,70.236855,-31.756092,555.20135,98.40066,0.040848237,1.2396231,126.853264,2.9348347,43.223305,17696.281,-0.23146547
0.0,2.9978186e-05,1.257973e-07,-255.80916,179.89539,-2225.604,-3751.4268,24.849474,14298.201,0.62764055,3.7988932,469.60324,203.07649,-725.4124,-23.181107,555.6891,98.17106,0.039958052,1.2517525,128.27162,2.8825827,44.49885,17897.809,-0.25528103
0.0,3.045216e-05,1.2688538e-07,472.51074,180.29205,-2225.0442,-3804.8433,24.825262,15076.521,0.6309974,3.9265082,477.26764,213.62822,-4.7568994,-33.336166,555.6453,98.358444,0.04050262,1.2479783,129.83957,2.8950224,44.849247,18815.172,-0.2619948
0.0,3.0595085e-05,1.2763728e-07,-261.93622,178.70906,-2119.1895,-3714.965,24.984886,15088.065,0.63676155,3.8302891,472.80273,200.73871,-734.73895,-22.029634,555.7654,98.32041,0.039658286,1.2405797,130.52895,2.903587,44.954372,18717.947,-0.27352303
0.0,3.15306e-05,1.27558e-07,379.9745,177.41127,-2235.198,-3960.4224,25.596088,14361.05,0.63922936,3.8574283,473.3316,199.96094,-93.35715,-22.549677,556.0515,98.3964,0.03862521,1.32686,132.46837,2.9026854,45.63649,19055.102,-0.2784587
0.0,2.854704e-05,1.2645343e-07,345.14395,176.98578,-1917.7122,-3886.617,24.293861,13945.493,0.66960657,3.8878288,472.26843,199.64365,-127.12449,-22.65786,555.95544,98.341576,0.039428554,1.1860284,125.498375,2.8900905,43.423683,16539.75,-0.33921316
0.0,3.0326006e-05,1.2941406e-07,473.9678,176.81465,-2482.6753,-3708.4517,24.787123,14788.856,0.5989946,3.884499,447.29727,215.36569,26.670506,-38.551044,555.9242,98.49302,0.039257903,1.262316,130.85509,2.9237273,44.756252,18668.209,-0.19798921
0.0,3.9508763e-05,1.308534e-07,409.2942,172.97255,-2157.251,-4109.9365,29.67848,16316.198,0.65578645,4.0312953,468.16287,200.51833,-58.86869,-27.545778,556.25397,98.577576,0.03344973,1.473913,150.18669,2.939941,51.084934,24048.656,-0.31157288
0.0,4.2089578e-05,1.3382956e-07,194.68114,174.59154,-2441.597,-4573.2715,30.704601,17104.041,0.65193975,4.05938,468.03122,200.52844,-273.3501,-25.93691,556.6636,98.62341,0.03211282,1.5351478,156.76733,2.9731865,52.727043,26257.23,-0.3038795
0.0,3.7606875e-05,1.305865e-07,-647.4421,184.65143,-2802.7634,-4348.4004,28.359388,16371.445,0.6080689,4.087624,530.342,229.85013,-1177.784,-45.198708,555.7832,98.5353,0.035712298,1.4519765,146.37773,2.9369414,49.840195,23770.955,-0.21613781
0.0,3.6348727e-05,1.2931403e-07,471.8808,176.56117,-2576.58,-4148.594,27.887922,15344.133,0.61687535,4.03292,247.99669,213.64342,223.8841,-37.082245,556.03357,98.42535,0.036213607,1.4709983,143.20549,2.922597,48.999393,22571.193,-0.23375069
0.0,3.617778e-05,1.2690734e-07,-1083.343,186.64105,-2428.7253,-3946.0247,28.134665,15146.213,0.61900854,4.128257,477.82022,207.67374,-1561.1633,-21.032694,556.2288,98.63847,0.036021553,1.4309742,141.53262,2.8952727,48.884037,21673.842,-0.23801704
0.0,3.5620284e-05,1.27741e-07,-879.8146,187.28969,-2429.845,-3807.0708,27.72504,15002.051,0.6104092,4.0867343,479.60898,216.89742,-1359.4236,-29.607723,557.29706,98.66271,0.036415722,1.440988,140.8984,2.9047668,48.505928,21617.775,-0.2208184
0.0,3.7603073e-05,1.3006763e-07,-173.86807,179.36722,-2449.085,-4228.125,28.551891,16176.135,0.63321733,4.1282415,477.44778,200.27069,-651.31586,-20.90348,556.99756,98.686134,0.035199095,1.4395478,146.07924,2.9311006,49.837677,23286.318,-0.26643464
0.0,4.0983265e-05,1.3059667e-07,382.38422,173.22005,-2442.9868,-4336.07,30.100536,16306.936,0.63962734,3.9615138,468.90033,201.29135,-86.516106,-28.071299,556.0243,98.78554,0.033973787,1.5778298,152.81345,2.9370556,52.02947,25729.57,-0.27925462
0.0,3.4400884e-05,1.307829e-07,475.37787,172.3051,-2907.7402,-4601.653,26.931883,15233.144,0.61278623,4.103195,468.4296,204.04214,6.948286,-31.737047,556.736,98.704056,0.036398433,1.3946155,140.10464,2.939149,47.668438,21244.377,-0.22557248
0.0,3.5200905e-05,1.262321e-07,-457.8923,182.1779,-2720.8403,-4358.034,27.230814,15251.939,0.61563945,4.010417,532.94434,210.42151,-990.8366,-28.243608,556.0005,98.629036,0.03843697,1.4437435,139.2368,2.88756,48.219536,22019.887,-0.23127887
0.0,3.9662253e-05,1.2949437e-07,459.66394,175.88689,-2608.3525,-4628.074,29.329504,16686.174,0.6395524,4.1193438,468.91504,200.45174,-9.251098,-24.564852,556.2404,98.84561,0.035410374,1.5107642,149.69469,2.9246342,51.18407,25208.875,-0.27910483
0.0,3.6584865e-05,1.3035523e-07,-1045.8492,190.16568,-2778.9438,-4366.729,27.695736,16229.542,0.6111012,4.213549,475.94763,190.27238,-1521.7969,-0.10670266,557.09296,98.88929,0.0368872,1.4477543,144.24713,2.9343395,49.1583,23496.387,-0.22220236
0.0,4.0118768e-05,1.2966528e-07,468.21558,177.42921,-2982.2432,-4695.8154,29.812468,15731.1875,0.6115889,4.146128,476.0185,204.1477,-7.802907,-26.718487,556.09467,98.789444,0.03423316,1.5791485,150.65303,2.9265637,51.47779,24841.88,-0.22317784
0.0,3.442584e-05,1.2698081e-07,-623.65857,193.28018,-2398.6665,-4254.0996,27.04963,15069.056,0.6394482,4.0184073,476.15845,218.2519,-1099.817,-24.971727,556.9702,98.80051,0.03759159,1.394502,138.10313,2.8961108,47.685726,21013.828,-0.27889645
0.0,4.303247e-05,1.2918512e-07,-442.57748,179.37892,-2813.0635,-4591.1045,31.199959,15972.36,0.6200703,4.1897984,473.0741,200.23454,-915.6516,-20.855633,557.007,98.82219,0.033363268,1.674531,155.73872,2.92114,53.314365,26746.213,-0.2401406
0.0,3.7176545e-05,1.2571927e-07,-844.3781,200.05775,-2536.3354,-4395.854,28.377462,16124.694,0.634122,4.2155623,475.76346,190.40387,-1320.1416,9.653879,557.01215,98.72786,0.037088145,1.4214463,142.79982,2.8816886,49.55422,22920.387,-0.26824406
0.0,3.1546762e-05,1.2866153e-07,457.8823,178.3463,-2670.4888,-4177.29,25.190615,14941.18,0.6100212,4.0002503,474.25153,204.4919,-16.369232,-26.145594,557.12787,98.98202,0.040031116,1.3399807,133.07423,2.915214,45.648186,20020.893,-0.22004235
0.0,3.4609737e-05,1.2842747e-07,416.36758,176.75215,-2637.849,-4258.4907,27.029879,15193.107,0.6175001,4.0505037,469.25076,200.82951,-52.883183,-24.07736,556.92456,98.98769,0.037336465,1.4084823,139.25806,2.9125614,47.81292,21399.223,-0.23500024
0.0,4.2190935e-05,1.3210703e-07,443.76318,177.74467,-3232.0066,-4829.794,30.471497,16217.304,0.5990962,4.1318593,474.47757,205.04355,-30.714405,-27.298878,556.56274,99.08464,0.033621226,1.668526,155.9426,2.9539905,52.79049,27058.994,-0.1981924
0.0,3.2645057e-05,1.2738536e-07,-725.4976,183.92203,-2665.732,-4260.209,26.091318,14788.334,0.6151091,4.086543,473.6561,-66.47027,-1199.1537,250.3923,557.28424,98.99438,0.038495824,1.350145,134.69788,2.9007206,46.436005,19966.395,-0.23021814
0.0,3.0506111e-05,1.2527988e-07,472.71234,180.46292,-2757.4556,-4011.0537,25.00936,13458.923,0.5926052,4.0212245,532.1677,219.58734,-59.455395,-39.124424,557.1554,98.99967,0.040486053,1.3746052,129.12976,2.8766484,44.88896,18500.705,-0.18521035
0.0,3.0589756e-05,1.2626887e-07,-250.08911,178.833,-2323.3713,-3819.8508,25.564661,13720.768,0.62179923,3.7330713,475.75748,224.77995,-725.8466,-45.94696,557.4206,99.000694,0.03761441,1.2728137,129.81606,2.8879807,44.95046,17463.98,-0.24359848
0.0,3.137371e-05,1.259505e-07,454.01913,176.2396,-2713.0886,-4412.962,25.484976,14278.028,0.61927176,3.9288392,467.53256,199.48476,-13.513413,-23.245169,557.27966,98.919754,0.039586868,1.3320243,131.30315,2.8843374,45.52281,19018.682,-0.23854354
0.0,3.041767e-05,1.2779253e-07,543.9822,173.08894,-2993.049,-4415.4087,25.0676,12970.463,0.59599566,3.9347973,534.8017,204.00685,9.1805315,-30.917917,556.87366,99.253174,0.038855035,1.4041693,130.22906,2.9053526,44.823845,18212.725,-0.19199133
0.0,3.4847882e-05,1.2847097e-07,429.03787,178.54716,-2824.6753,-4348.8003,27.412699,14131.477,0.60623336,3.9754267,475.85098,203.44122,-46.8131,-24.89406,557.1884,99.06048,0.03614569,1.4819092,139.76001,2.9130545,47.977135,20941.564,-0.21246675
0.0,3.189104e-05,1.2836816e-07,-404.77917,179.89882,-3132.3535,-4626.626,25.567657,13832.74,0.5962931,4.045294,474.55405,201.34215,-879.3332,-21.443327,557.5899,99.05209,0.039048035,1.4300804,133.64577,2.9118886,45.896595,19781.93,-0.1925862
0.0,3.6931116e-05,1.2548654e-07,-1301.0116,186.95915,-2777.0544,-4452.1597,28.476421,14716.152,0.61585665,3.9763153,475.47202,216.17851,-1776.4836,-29.21935,557.5686,99.04158,0.036441118,1.5109924,142.19588,2.87902,49.390377,22235.994,-0.23171331
0.0,3.0950017e-05,1.283112e-07,538.62,172.14241,-2800.6084,-4457.95,25.451817,13141.713,0.61416465,4.035301,-122.65753,203.60835,661.2775,-31.465948,557.64624,99.16882,0.0378698,1.3947929,131.63002,2.9112425,45.21438,18329.969,-0.22832932
0.0,3.26828e-05,1.2676634e-07,-1081.967,154.2788,-2757.9934,-4510.75,26.222847,14561.527,0.62056804,3.796068,474.5161,217.2341,-1556.4832,-62.955315,558.35254,99.14174,0.03826382,1.3553354,134.44785,2.893664,46.46284,19735.752,-0.2411361
0.0,3.0419376e-05,1.2495106e-07,473.3744,174.36523,-3051.1213,-4566.942,25.125736,12752.7705,0.59948856,4.0957174,424.4841,202.42122,48.890293,-28.055984,557.93567,99.173805,0.03991297,1.4184871,128.77672,2.8728707,44.8251,18089.639,-0.19897716
0.0,3.0516712e-05,1.2823867e-07,471.9469,177.4046,-2784.0999,-4225.3237,25.167917,13131.836,0.60280615,3.9424727,535.3151,206.39224,-63.368256,-28.987646,557.12366,99.28324,0.03837878,1.3838253,130.66841,2.9104197,44.89676,18172.168,-0.20561233
0.0,3.2532735e-05,1.2873562e-07,543.7075,168.75027,-2786.2473,-4523.516,25.886908,14304.877,0.6188321,3.9449308,440.57025,200.02168,103.13727,-31.27141,557.0835,99.30466,0.03859643,1.4144007,135.17671,2.9160535,46.35605,20232.828,-0.23766416
0.0,2.8969429e-05,1.2574016e-07,339.54605,176.04617,-2840.6636,-4439.792,24.464247,13419.947,0.6098234,3.8423045,468.49017,199.39328,-128.94412,-23.347097,557.15936,99.074356,0.039806884,1.2612721,126.06635,2.881928,43.74376,16926.205,-0.21964677
0.0,3.133462e-05,1.2458986e-07,-1359.3284,180.28384,-2808.4866,-4323.9136,25.62917,13568.325,0.60623544,3.930131,477.9009,214.73642,-1837.2292,-34.452576,557.8207,99.20397,0.039487887,1.3730264,130.5106,2.8687153,45.494442,18629.668,-0.21247087
0.0,2.9307108e-05,1.2848395e-07,468.55463,179.03127,-2899.1562,-4021.9575,24.523066,12348.019,0.58111423,3.8947978,531.29114,210.53328,-62.73648,-31.502014,557.1032,99.42356,0.038932893,1.4090704,128.17494,2.9132016,43.997967,17399.227,-0.16222842
0.0,3.030694e-05,1.286456e-07,473.33392,175.71825,-3054.4385,-4328.988,25.057688,12437.719,0.5863115,3.8986938,479.4814,211.23471,-6.1474943,-35.51646,557.3883,99.37789,0.038304746,1.4500998,130.42497,2.9150338,44.74218,18035.934,-0.17262302
0.0,3.1136584e-05,1.2690738e-07,477.4036,168.95566,-2917.174,-4663.695,25.611485,13343.939,0.61519265,3.8443933,468.86115,197.77147,8.542436,-28.815817,557.44586,99.1902,0.03812648,1.3726505,131.30196,2.8952732,45.350452,18316.564,-0.23038526
0.0,3.196876e-05,1.2741299e-07,-346.22684,179.33873,-2927.1995,-4342.366,25.626917,13448.809,0.59733504,4.0582223,530.4934,217.22484,-876.7203,-37.886112,557.1746,99.374214,0.03935809,1.4714313,133.30977,2.901035,45.952488,19788.998,-0.19467004
0.0,2.8596705e-05,1.236444e-07,417.00308,180.76003,-2654.1118,-4182.233,24.344166,12589.718,0.6117645,3.7648864,472.57797,99.691986,-55.574894,81.06804,557.95416,99.31773,0.040633332,1.3124495,124.20454,2.85781,43.46144,16523.37,-0.22352895
0.0,3.319757e-05,1.2591995e-07,-241.01772,180.66049,-2920.8635,-4608.0034,26.66585,14134.477,0.61204475,3.9722726,469.92117,223.70964,-710.9389,-43.049145,558.09814,99.33793,0.03762758,1.3915807,135.04941,2.8839877,46.827316,19669.266,-0.2240895
0.0,3.2138607e-05,1.2800297e-07,-490.73666,178.30695,-3031.8,-4362.32,25.670267,14054.872,0.5899715,4.025364,476.3154,188.6938,-967.05206,-10.386852,557.739,99.46926,0.039198935,1.4233067,133.97253,2.9077437,46.074394,20004.395,-0.17994295
0.0,3.775589e-05,1.2855293e-07,-393.2824,179.4743,-3535.2734,-5022.1396,28.662067,13941.744,0.5868759,4.0711913,475.03256,190.87888,-868.315,-11.404575,558.11285,99.43295,0.035627596,1.6712828,145.52097,2.9139836,49.938843,23300.596,-0.17375185
0.0,3.2625063e-05,1.251008e-07,471.64865,176.74323,-2895.328,-4140.5586,26.330282,12843.877,0.5884914,3.8676128,534.2174,204.88661,-62.56874,-28.143381,557.86224,99.4293,0.038452562,1.5098258,133.44366,2.8745916,46.421783,19392.016,-0.1769828
0.0,3.447837e-05,1.2713947e-07,-722.07495,180.80959,-2944.0107,-4461.4595,27.216732,13557.156,0.6024546,3.993594,475.76065,225.5993,-1197.8356,-44.789715,557.6423,99.54913,0.036918707,1.5286182,138.29478,2.8979194,47.72209,20723.715,-0.20490915
0.0,2.9474963e-05,1.2472513e-07,-1216.7963,183.16573,-3055.6147,-4491.0024,24.47702,13312.311,0.5951014,4.0231338,475.1791,213.26007,-1691.9755,-30.094353,557.54614,99.46247,0.041288402,1.3371066,126.64728,2.8702724,44.123783,17799.977,-0.19020283
0.0,3.091731e-05,1.2623573e-07,-598.5004,181.71852,-2699.4443,-4257.3496,25.38058,13767.024,0.61197007,3.9190502,475.09256,189.76038,-1073.593,-8.041847,558.1751,99.60162,0.039073225,1.3384302,130.49211,2.8876016,45.19048,18426.201,-0.22394013
0.0,3.0232111e-05,1.2592021e-07,420.52185,178.68262,-3189.3318,-4722.064,25.071293,12527.628,0.59686863,3.9968772,476.08957,205.09468,-55.56772,-26.412062,558.38275,99.58643,0.039344512,1.4267297,128.87663,2.8839905,44.686913,17873.54,-0.19373727
0.0,4.0721436e-05,1.2926398e-07,435.3761,178.7491,-3322.9287,-4882.2114,30.24728,14865.486,0.5950186,4.036131,476.70624,228.84381,-41.33013,-50.094704,558.1028,99.65421,0.033675525,1.6732726,151.54533,2.9220314,51.863003,24874.01,-0.19003728
0.0,3.3646866e-05,1.2751026e-07,-542.7857,179.05579,-3140.2532,-4576.6826,26.586554,13953.766,0.5930699,4.024697,476.27643,207.89276,-1019.06213,-28.836975,558.60657,99.557556,0.038016137,1.4807838,136.81607,2.9021423,47.14313,20662.51,-0.18613985
0.0,3.4335084e-05,1.2855753e-07,-289.41043,179.9832,-3364.807,-5126.7817,26.65271,14454.954,0.60374826,4.0872965,471.7822,219.56331,-761.1926,-39.580112,557.54034,99.73897,0.038423035,1.507679,138.77463,2.9140358,47.622826,21793.432,-0.2074965
0.0,3.3264496e-05,1.2461871e-07,-635.71313,180.66196,-2812.8625,-4179.3916,26.637232,13210.652,0.59771734,4.070754,480.6722,221.49878,-1116.3854,-40.83683,558.3115,99.58921,0.03845777,1.5027497,134.48515,2.8690476,46.874493,19852.305,-0.19543466
0.0,3.730676e-05,1.3052615e-07,473.1774,176.47316,-3631.2056,-5066.6333,28.136074,14084.906,0.5825164,4.1525335,533.76685,207.32924,-60.589447,-30.856075,558.34924,99.756004,0.036157597,1.68715,145.75879,2.9362624,49.640926,23763.35,-0.16503271
0.0,4.1041243e-05,1.2967554e-07,-515.0041,180.0117,-3177.3005,-4905.4165,30.283876,15179.934,0.60690194,4.005628,473.85062,217.25046,-988.85474,-37.238758,558.13513,99.753845,0.033788137,1.6714476,152.38126,2.9266794,52.066257,25372.465,-0.21380383
0.0,3.674575e-05,1.2762234e-07,472.44046,177.59164,-3078.4414,-4389.8037,28.007032,13939.091,0.58779585,4.1996856,534.01953,213.82799,-61.579052,-36.236343,558.25684,99.70053,0.03706587,1.6516616,143.04054,2.9034176,49.26627,23022.662,-0.17559172
0.0,3.0995834e-05,1.2553987e-07,416.30157,177.92485,-3357.5876,-4900.324,25.402927,12750.125,0.5934096,3.9744956,470.56,198.20834,-54.258404,-20.2835,558.4005,99.6545,0.039444454,1.4523776,130.29709,2.8796318,45.247833,18517.994,-0.18681921
0.0,3.4764e-05,1.275836e-07,276.57126,180.56729,-3592.9941,-5223.145,27.219048,13915.226,0.59245265,4.2102942,473.44125,213.47191,-196.86998,-32.904617,558.4558,99.904594,0.037173923,1.5262146,139.10878,2.9029768,47.919357,21237.62,-0.18490532
0.0,3.471813e-05,1.2763795e-07,-733.1487,180.70428,-3497.0784,-5069.0723,27.202263,13926.171,0.59175617,4.207127,473.48038,213.63638,-1206.629,-32.93209,558.37305,99.700035,0.037145358,1.5218,139.04659,2.903595,47.887733,21192.848,-0.18351229
0.0,3.8327562e-05,1.3136415e-07,473.54404,173.65085,-3633.84,-5233.8745,28.93097,14980.533,0.5902169,4.1419206,539.0162,202.1909,-65.47217,-28.540056,557.63635,99.85127,0.03430185,1.5821689,148.21298,2.945673,50.31549,23701.734,-0.18043369
0.0,3.9515562e-05,1.3068787e-07,461.28964,179.25063,-3597.6372,-5203.0757,29.14792,15944.918,0.5912107,4.0503273,472.3506,194.98264,-11.060954,-15.732005,558.74023,99.86816,0.035386015,1.5929239,150.10458,2.9380808,51.08933,25399.04,-0.18242145
0.0,3.692697e-05,1.3093589e-07,475.64154,175.97324,-4010.0457,-5834.8643,28.03995,14480.552,0.59267825,4.20209,471.42758,196.7397,4.2139573,-20.766464,558.8523,99.95685,0.03580558,1.6078652,145.2424,2.9408677,49.387604,23282.775,-0.18535654
0.0,3.998442e-05,1.311618e-07,-273.88474,178.33472,-3740.649,-5195.2715,29.50763,14676.282,0.5813919,4.259351,532.7951,208.06981,-806.6799,-29.735086,558.60516,99.80337,0.034528457,1.7281798,151.266,2.9434035,51.39153,25363.254,-0.16278371
0.0,3.646488e-05,1.2828626e-07,352.6003,181.54898,-3303.897,-5007.9536,27.60014,15067.537,0.60250765,4.336922,478.85135,228.00989,-126.251045,-46.46091,559.00494,99.879425,0.03798946,1.5602126,142.86298,2.9109597,49.07762,23508.56,-0.20501532
0.0,4.244153e-05,1.3111634e-07,455.03012,181.41776,-3745.9707,-5858.466,31.006147,15113.44,0.609975,4.1171427,467.2275,193.46432,-12.197379,-12.046558,558.5015,100.04198,0.032562133,1.7298236,155.81747,2.9428935,52.947033,26143.586,-0.21994992
0.0,4.8180653e-05,1.3363024e-07,47.853325,183.02176,-3825.6716,-5725.234,33.673264,16329.813,0.5994441,4.1753426,473.15045,215.83116,-425.29715,-32.809406,559.1819,100.09901,0.029884867,1.8285918,167.60268,2.9709716,56.41342,29860.562,-0.1988882
0.0,4.6581685e-05,1.3122511e-07,471.4275,175.77663,-3722.3267,-5406.4473,32.283073,15735.914,0.5922424,4.2554765,539.8712,208.06352,-68.443695,-32.286907,558.18207,99.97476,0.03313049,1.9460975,163.30832,2.9441137,55.469433,30623.623,-0.18448487
0.0,4.235383e-05,1.3430947e-07,477.36328,172.01376,-3775.1187,-5641.8345,30.520845,16079.085,0.59911466,4.1668267,-71.19958,200.9157,548.56287,-28.90194,558.03656,99.996635,0.032827996,1.6941917,157.54039,2.9785125,52.8923,27241.053,-0.1982293
0.0,4.538594e-05,1.333228e-07,-1108.0967,181.19545,-3637.5994,-5525.9873,31.822483,16396.758,0.6030376,4.2972116,473.03952,233.025,-1581.1361,-51.829548,558.2639,100.09832,0.032484654,1.8035965,162.48195,2.967552,54.752857,29573.135,-0.20607519
0.0,5.3588512e-05,1.3304613e-07,311.6661,182.00386,-4066.4087,-6214.904,35.830296,16615.043,0.60448545,4.4764557,473.53534,217.53783,-161.86923,-35.533955,558.3567,100.13554,0.029289247,2.0525708,176.37183,2.964471,59.495205,34103.55,-0.2089709
0.0,3.4678636e-05,1.2819501e-07,447.18677,177.01736,-3458.3752,-5168.379,27.10059,14067.231,0.5991105,4.0838237,472.27188,191.37355,-25.085115,-14.356191,558.4522,99.93905,0.037256755,1.5183667,139.2704,2.9099243,47.86049,21359.215,-0.198221
0.0,5.7703415e-05,1.3445104e-07,475.76083,172.5911,-4090.1382,-6103.275,37.256386,16494.578,0.59874696,4.496043,441.47925,204.27615,34.28159,-31.685057,558.11945,100.1795,0.028655568,2.2961323,183.98189,2.980082,61.737194,37873.73,-0.19749388
0.0,5.5879675e-05,1.3367581e-07,457.75067,178.67267,-3893.4387,-6006.2983,36.713726,16518.303,0.60671294,4.2236276,471.48425,218.02333,-13.733568,-39.350662,558.697,100.01914,0.028785335,2.1759377,180.52843,2.9714782,60.753746,35942.8,-0.21342582
0.0,5.2825395e-05,1.3359015e-07,457.03244,177.19292,-3875.837,-5873.281,35.335083,16763.47,0.60244226,4.4352856,469.54898,200.86986,-12.516534,-23.676943,558.2477,100.10162,0.029705662,2.0318031,175.46918,2.970526,59.070072,34060.074,-0.20488456
0.0,5.4797558e-05,1.3332411e-07,472.93048,174.96643,-4026.6711,-6035.7896,36.146233,15777.484,0.59983236,4.2449646,478.08276,204.41338,-5.152288,-29.446949,558.53,100.0764,0.0294066,2.251088,178.53658,2.9675665,60.162617,35516.504,-0.1996647
0.0,5.61463e-05,1.3521392e-07,470.02734,176.13908,-4187.7153,-6296.3105,36.6282,17224.902,0.6005623,4.3233933,472.43237,198.66283,-2.4050336,-22.523731,558.6173,100.12081,0.028698422,2.13155,181.99669,2.9885244,60.898514,36715.742,-0.20112455
0.0,6.372346e-05,1.3612218e-07,470.16614,177.20369,-4271.4688,-6249.075,39.5369,16965.854,0.5939878,4.392382,467.81934,205.02179,2.3468018,-27.818111,558.09784,100.312,0.027315116,2.5156505,194.53886,2.9985452,64.877754,42680.156,-0.18797566
0.0,5.334306e-05,1.3467877e-07,-637.43634,178.39296,-3955.733,-5741.188,35.32883,16094.536,0.592063,4.3761196,534.1035,219.01393,-1171.5399,-40.62098,558.63226,100.24208,0.029794458,2.1802347,177.04382,2.9826047,59.3588,35089.863,-0.18412597
0.0,7.491937e-05,1.3630022e-07,459.4699,175.982,-4346.808,-6595.6587,43.996136,17213.656,0.60275793,4.4092526,453.84494,204.17975,5.6249576,-28.197752,558.788,100.35743,0.025220754,2.9241624,211.07538,3.0005052,70.34661,50335.523,-0.20551586
0.0,7.532026e-05,1.3874434e-07,-356.33356,178.6638,-4600.797,-6742.9976,44.059776,17096.566,0.5944217,4.618099,531.66785,217.48863,-888.0014,-38.824825,558.3885,100.28423,0.024647519,2.9787598,213.52847,3.0272882,70.53457,50926.566,-0.1888434
0.0,6.969537e-05,1.3436599e-07,-405.5669,178.79384,-4071.034,-6208.2065,42.17048,17164.01,0.60395575,4.473974,473.17453,215.92738,-878.74146,-37.13354,558.6297,100.181946,0.026254367,2.68104,202.13377,2.9791393,67.849724,46017.4,-0.2079115
0.0,6.4965294e-05,1.3617016e-07,-573.46606,180.00107,-4418.6807,-6217.585,40.25554,16897.342,0.5845646,4.489917,476.43622,223.68797,-1049.9023,-43.686916,558.97125,100.403755,0.026624257,2.5356226,196.4599,2.9990733,65.50687,42845.285,-0.1691293
0.0,5.5525536e-05,1.3327659e-07,474.93192,175.32133,-4194.1787,-6023.967,36.597298,16148.141,0.5895362,4.2636456,459.94232,196.47855,14.989599,-21.157211,558.8129,100.260735,0.028914547,2.2046735,179.68654,2.9670377,60.560925,35601.38,-0.17907244
0.0,5.1019826e-05,1.3367385e-07,388.53006,177.39003,-4262.519,-6275.686,34.612957,15603.506,0.5955176,4.389803,470.05188,205.87323,-81.5218,-28.483198,559.29224,100.23365,0.029969385,2.0922534,172.49835,2.9714563,58.05179,32646.488,-0.19103509
0.0,4.2825897e-05,1.3159882e-07,473.65192,180.04407,-3736.7292,-5490.918,30.627356,16206.408,0.5950507,4.1136975,469.07245,187.06085,4.579457,-7.0167923,558.7394,100.23324,0.034057144,1.7196485,156.80917,2.948303,53.18625,27869.324,-0.1901014
0.0,5.8961243e-05,1.3379376e-07,463.37216,177.85788,-3848.7195,-5819.639,37.76884,16914.602,0.60192627,4.35855,468.7804,202.43373,-5.4082394,-24.575838,558.3532,100.29398,0.028618734,2.2928355,185.52118,2.9727888,62.406445,38782.4,-0.20385256
0.0,5.4798093e-05,1.3116468e-07,-750.4132,180.15207,-3939.9814,-5906.0923,36.409805,16641.332,0.59984237,4.438043,471.56146,213.6141,-1221.9747,-33.462036,558.6594,100.26544,0.029486476,2.0882804,177.08566,2.943436,60.16291,34751.77,-0.19968475
0.0,6.454995e-05,1.3626217e-07,-561.6536,180.1383,-4138.408,-6185.0835,39.762794,17611.385,0.59912705,4.462249,475.1973,239.9967,-1036.851,-59.8584,558.3244,100.24912,0.027334137,2.4762769,195.89703,3.0000865,65.29713,43610.668,-0.19825415
0.0,4.6369318e-05,1.3340413e-07,458.7138,177.01686,-4094.7522,-5830.0303,32.24019,16436.69,0.5874215,4.072441,464.9503,197.16275,-6.236484,-20.145893,559.70496,100.31556,0.032229565,1.8451029,164.28285,2.968457,55.342842,30327.383,-0.17484292
0.0,6.278108e-05,1.3417225e-07,341.69525,181.49805,-4027.7737,-6053.8755,39.468113,17293.68,0.6004846,4.4723897,471.993,211.62749,-130.29774,-30.12944,558.6333,100.4608,0.02743881,2.3724422,191.70702,2.9769907,64.39624,41028.254,-0.20096928
0.0,5.5305187e-05,1.3460858e-07,465.9912,175.5545,-4302.2188,-6449.702,36.284054,16659.504,0.59986514,4.4826756,464.71613,68.689926,1.2750809,106.86457,559.2567,100.485756,0.029056774,2.1668248,180.22356,2.9818273,60.44064,36098.223,-0.19973023
0.0,4.264654e-05,1.3274028e-07,473.5937,177.19615,-4184.822,-6068.268,30.401253,15897.692,0.5918478,4.4818068,467.7672,228.17781,5.8264832,-50.981647,558.75446,100.41881,0.034158766,1.7700212,157.15765,2.961062,53.074757,28139.252,-0.18369551
0.0,4.6965855e-05,1.3093484e-07,-109.00084,177.78574,-4023.892,-5634.5117,32.531376,15230.971,0.5833792,4.539092,530.92975,212.28847,-639.9306,-34.502735,558.5654,100.407234,0.032888055,2.0139437,163.79889,2.9408557,55.697697,30674.316,-0.16675839
0.0,5.449253e-05,1.3382996e-07,-360.41876,178.25113,-4446.7773,-6286.2993,35.670353,16398.033,0.5856941,4.5501227,473.41693,206.43703,-833.8357,-28.185894,558.537,100.49837,0.030172298,2.216321,178.3764,2.973191,59.994938,36343.305,-0.17138812
0.0,5.448187e-05,1.3366763e-07,-1185.039,179.80273,-4246.778,-6006.7783,35.63704,16533.818,0.5858239,4.4810266,477.00827,226.22192,-1662.0471,-46.41919,559.22,100.50658,0.030303227,2.2029955,178.25075,2.9713871,59.989067,36423.926,-0.17164777
0.0,5.6302957e-05,1.3304954e-07,-224.76743,178.66217,-4160.2583,-5965.1426,36.65818,15669.024,0.5891265,4.4392076,477.64984,210.90086,-702.4173,-32.23869,558.86487,100.53309,0.029452296,2.3570814,180.78589,2.9645092,60.983414,36933.168,-0.17825308
0.0,4.362898e-05,1.2831624e-07,-654.3502,178.9241,-4013.0227,-5613.969,31.031881,14409.921,0.58314884,4.463013,475.34924,218.55884,-1129.6995,-39.634727,558.7544,100.41644,0.034968004,1.9659605,156.28618,2.9112997,53.682613,28329.336,-0.16629769
0.0,4.7041114e-05,1.320165e-07,433.65128,179.38673,-4005.4143,-5808.953,32.526917,16683.918,0.5918826,4.34997,468.234,191.20087,-34.58275,-11.81413,558.7258,100.45552,0.032576207,1.8481691,164.6058,2.952978,55.742306,30834.701,-0.18376514
0.0,4.2145803e-05,1.3036328e-07,427.6055,179.8801,-4184.4824,-5793.6577,30.24348,15142.566,0.580635,4.3660483,472.7988,190.66556,-45.193317,-10.785455,559.2053,100.571014,0.035023406,1.8218129,154.82712,2.93443,52.76225,27586.924,-0.16127008
0.0,4.2815365e-05,1.3084582e-07,474.42447,172.35226,-4117.9634,-5940.4033,30.668022,15314.487,0.5905932,4.211105,-98.18991,200.03192,572.6144,-27.679665,558.93475,100.47795,0.034202468,1.811235,156.34068,2.9398558,53.179707,27738.135,-0.18118645
0.0,4.092952e-05,1.3054101e-07,473.87112,175.07094,-4248.0127,-5674.3926,29.628855,14131.789,0.5718767,4.4630637,484.45132,208.69743,-10.580218,-33.626495,559.4346,100.54636,0.035575002,1.9015325,152.68066,2.9364297,51.995342,26872.057,-0.14375345
0.0,5.025752e-05,1.3259752e-07,469.492,176.64581,-4089.394,-5711.8726,33.64386,16156.214,0.5827688,4.324947,535.7105,205.77364,-66.21849,-29.127811,558.8295,100.48348,0.03229506,2.1032054,170.51416,2.9594693,57.61647,33979.836,-0.16553764
0.0,4.6107874e-05,1.3258452e-07,482.21295,171.22797,-4312.237,-6053.284,32.420578,15312.648,0.5839826,4.2992253,452.82562,199.06221,29.387337,-27.834259,559.09894,100.560005,0.03171877,1.9149101,163.31505,2.9593241,55.186604,29322.346,-0.16796523
0.0,3.9604347e-05,1.2876023e-07,-732.93567,179.59012,-4035.4185,-5388.5913,29.175476,14441.118,0.5717939,4.370238,478.21338,223.29271,-1211.149,-43.70259,559.4655,100.40749,0.036202844,1.7656691,149.16075,2.9163322,51.14669,25498.238,-0.14358781
0.0,4.19041e-05,1.3084802e-07,-622.3907,180.48135,-4311.108,-5998.452,30.23762,14981.846,0.58183396,4.434239,472.72864,214.56952,-1095.1193,-34.088158,559.97424,100.627815,0.034549855,1.8109101,154.66928,2.9398806,52.610737,27130.775,-0.1636679
0.0,4.2648615e-05,1.2778776e-07,-920.9486,180.04218,-4205.321,-5779.646,30.786669,14390.59,0.5788348,4.2696567,473.052,215.19232,-1394.0006,-35.150146,559.9964,100.514565,0.034824938,1.8831441,154.20177,2.9052985,53.07605,27099.557,-0.15766953
0.0,4.218074e-05,1.311409e-07,451.92282,177.61096,-4110.8765,-5796.0864,30.159716,15569.754,0.5850518,4.39994,472.55283,202.50034,-20.629986,-24.889364,558.7753,100.49622,0.035045918,1.791079,155.35255,2.9431689,52.784115,27886.66,-0.17010358
0.0,4.5033354e-05,1.3108314e-07,474.71967,175.08781,-4556.3438,-6295.0366,31.342728,14741.906,0.5801139,4.542697,535.7452,206.40588,-61.02553,-31.318062,559.2449,100.56101,0.034468777,2.0510416,160.48439,2.9425209,54.539764,30236.264,-0.16022782
0.0,4.7185193e-05,1.3025543e-07,458.8691,178.67076,-4362.7363,-5856.9175,32.615753,15267.889,0.5731033,4.4512835,473.24713,201.8322,-14.377998,-23.161428,559.12366,100.618675,0.033119805,2.0215833,163.75441,2.9332159,55.827602,30865.31,-0.14620663
0.0,4.0631716e-05,1.306935e-07,370.84915,179.32375,-4351.0654,-5766.728,29.664705,14453.909,0.56995904,4.224037,475.01093,215.77425,-104.16178,-36.4505,559.5289,100.56015,0.03499868,1.8122813,152.21303,2.9381442,51.80584,26194.549,-0.13991812
0.0,4.4556677e-05,1.2926445e-07,408.45496,178.15425,-3964.6433,-5565.0693,31.59955,15235.323,0.5839703,4.266455,472.091,205.5902,-63.63604,-27.435932,559.17834,100.52552,0.033803597,1.8757699,158.5215,2.9220366,54.250347,28577.959,-0.16794066
0.0,3.907737e-05,1.2798161e-07,-955.2063,178.18544,-4177.1763,-5797.132,28.696674,14258.714,0.58120644,4.5118413,533.126,207.33981,-1488.3323,-29.154377,559.77405,100.62215,0.037629373,1.8052465,147.71638,2.9075012,50.805275,25740.492,-0.16241285
0.0,4.667546e-05,1.2929117e-07,474.1024,176.49245,-4041.6792,-5740.2607,32.569405,14779.501,0.58682233,4.251518,473.72137,200.09119,0.38101432,-23.598753,558.75116,100.579185,0.03309064,2.0300753,162.26355,2.9223387,55.525238,30003.5,-0.17364465
0.0,4.8777994e-05,1.2955194e-07,439.66672,180.86137,-4047.0786,-5810.5244,33.396156,15634.92,0.58944595,4.2487283,472.38632,217.06288,-32.719604,-36.20151,559.1913,100.69622,0.03269156,2.0315256,166.04514,2.9252844,56.76205,31762.74,-0.17889194
0.0,4.565878e-05,1.314617e-07,477.3267,171.4251,-4941.3115,-6689.3833,32.156487,13085.497,0.57514906,4.5990305,457.47086,203.6318,19.855816,-32.206715,559.52423,100.88509,0.032444187,2.2300394,161.82814,2.9467666,54.917187,29181.174,-0.15029813
0.0,4.779619e-05,1.3008825e-07,473.54248,175.6486,-3982.3445,-5733.604,32.842693,15396.26,0.59012294,4.3419642,534.7844,202.7284,-61.241962,-27.079788,558.8873,100.6783,0.033133827,2.0407226,164.70543,2.931333,56.187897,31419.496,-0.18024585
0.0,4.351809e-05,1.2913196e-07,473.14835,176.59189,-4371.065,-6124.6753,31.19287,14499.605,0.5835391,4.3781233,535.18414,202.31194,-62.035828,-25.720041,560.3546,100.65833,0.033973724,1.9090744,156.5828,2.920539,53.61435,27680.826,-0.16707829
0.0,5.45033e-05,1.3235648e-07,475.48166,171.40349,-4592.6,-6471.767,35.989574,15078.182,0.58491975,4.5118613,541.4595,200.91452,-65.97778,-29.511024,559.2252,100.824715,0.0298773,2.348145,177.40924,2.956778,60.000866,35405.758,-0.16983953
0.0,4.147117e-05,1.289286e-07,471.8568,177.377,-4223.7354,-5814.9663,30.128122,14399.786,0.5792548,4.4711494,534.5441,202.45277,-62.687347,-25.075779,559.3429,100.695206,0.03515882,1.8462993,152.7355,2.9182384,52.338257,26586.314,-0.15850967
0.0,4.2446252e-05,1.2775237e-07,-424.97327,178.90376,-3694.5674,-5273.089,30.099087,15110.475,0.5880119,4.281216,480.19827,217.53268,-905.1716,-38.628918,559.37286,100.58062,0.03701695,1.8919756,153.8142,2.904896,52.94998,28588.65,-0.17602386
0.0,4.4445285e-05,1.3006215e-07,444.9455,180.30975,-4373.212,-5972.9585,31.374826,14945.3125,0.57731104,4.2364807,473.57526,191.87616,-28.62976,-11.566406,559.1611,100.733444,0.0340897,1.9389366,158.81099,2.9310389,54.18249,28978.014,-0.15462214
0.0,5.1582952e-05,1.3424662e-07,471.65393,174.83546,-4157.1084,-5985.7495,34.533077,15948.34,0.5901443,4.30157,537.9513,203.00012,-66.29736,-28.164652,559.38477,100.868195,0.030482708,2.1302614,173.81891,2.9778156,58.37128,33974.137,-0.18028854
0.0,4.9255028e-05,1.3142778e-07,477.8121,172.61198,-4276.6123,-5981.872,33.552753,15568.336,0.58311456,4.3202434,457.01422,202.82098,20.797888,-30.208996,559.1906,100.818275,0.032012213,2.071384,168.05875,2.9463863,57.038937,32248.002,-0.16622917
0.0,4.5778626e-05,1.3056763e-07,-242.9441,177.34665,-4707.0,-6302.588,31.948353,14216.753,0.5724636,4.4658585,530.622,207.3983,-773.56616,-30.051647,559.21454,100.870125,0.03355448,2.109493,161.48842,2.9367292,54.989212,29990.14,-0.14492711
0.0,4.3137745e-05,1.3088282e-07,-383.04153,178.19664,-4409.678,-5769.986,30.857018,14249.254,0.56681496,4.3310537,474.157,206.64674,-857.19855,-28.45011,559.1383,100.78507,0.0339434,1.954582,156.95035,2.9402716,53.37954,27851.334,-0.1336299
0.0,4.27148e-05,1.304776e-07,456.70456,179.2797,-4227.3813,-5732.883,30.808163,14661.883,0.57557535,4.270106,465.96326,151.76582,-9.258725,27.513866,559.5683,100.97241,0.033761464,1.8530349,155.93709,2.9357164,53.117218,27168.979,-0.15115075
0.0,3.9406776e-05,1.2967516e-07,477.23468,174.29324,-4057.5269,-5607.9062,28.948574,14837.503,0.5802023,4.158886,15.507009,197.42455,461.7277,-23.131294,558.91345,100.8223,0.036395244,1.7330291,149.3159,2.926675,51.018955,25713.824,-0.16040455
0.0,4.120631e-05,1.2957332e-07,-714.572,180.95784,-4265.12,-5675.7056,29.904272,14729.277,0.57094914,4.452705,476.65503,236.60405,-1191.227,-55.646214,559.64307,100.97036,0.035344955,1.8106956,152.62718,2.9255257,52.170856,26670.238,-0.14189823
0.0,4.3464494e-05,1.2947392e-07,456.1353,180.84142,-4429.0806,-6032.3735,31.021055,14375.873,0.57662857,4.352893,470.46658,30.716942,-14.3312645,150.12448,559.29,100.9336,0.034341067,1.9504528,156.69339,2.9244032,53.58132,28039.46,-0.15325716
0.0,5.1190767e-05,1.32273e-07,-1613.8153,180.1772,-4497.566,-6119.4497,34.181576,15607.339,0.5763813,4.507776,474.80197,224.38786,-2088.6172,-44.210655,559.56415,100.92722,0.031773094,2.1938424,171.87933,2.9558454,58.14896,34240.04,-0.15276267
0.0,4.1962125e-05,1.2968957e-07,462.21765,178.17792,-4381.935,-5947.6455,30.460913,14163.823,0.5757877,4.153999,472.217,202.75194,-9.999368,-24.574018,559.1141,100.945274,0.034320608,1.8814764,154.08966,2.9268377,52.64715,26648.9,-0.15157545
0.0,3.982148e-05,1.3049393e-07,474.06265,176.088,-4692.904,-6123.953,29.226374,13416.875,0.56614906,4.293961,530.96783,204.49223,-56.905174,-28.404251,558.44507,101.01566,0.035589416,1.9218149,150.57265,2.9359002,51.28671,25784.752,-0.13229807
0.0,4.1454176e-05,1.3065899e-07,-421.04163,176.64545,-4257.816,-5699.956,30.20671,13745.722,0.5724128,4.242659,476.6216,207.21436,-897.6632,-30.568918,559.0656,100.970375,0.0341734,1.9167372,153.72554,2.9377563,52.327534,26346.936,-0.14482558
0.0,4.8499605e-05,1.3120578e-07,429.1183,177.37993,-4322.815,-5954.502,33.41888,15190.226,0.57938296,4.4401593,459.22302,203.14598,-30.10475,-25.76606,559.5127,100.91462,0.031736374,2.0512114,166.62411,2.943897,56.599842,31158.361,-0.15876587
0.0,4.5002926e-05,1.298699e-07,472.6303,177.0204,-4578.4277,-6003.817,31.994232,13596.548,0.5673481,4.508532,475.78857,208.09453,-3.1582632,-31.074131,559.13214,101.01641,0.032827538,2.0864794,159.686,2.9288719,54.521336,28368.916,-0.13469627
0.0,3.6640344e-05,1.2927705e-07,473.10352,173.16383,-4411.562,-5849.939,28.354965,11208.102,0.5700861,4.321925,532.89386,205.44487,-59.79036,-32.281044,559.30585,100.944786,0.03488388,1.9624324,143.75824,2.9221792,49.195557,21995.14,-0.1401722
0.0,4.736667e-05,1.3029255e-07,459.1823,178.09804,-4606.41,-6024.074,32.84812,15076.081,0.5666792,4.3179603,537.7689,202.94003,-78.58662,-24.841993,559.5875,100.91247,0.03259518,2.0273752,164.09239,2.9336338,55.93486,30564.873,-0.13335837
0.0,4.9213337e-05,1.3278637e-07,461.21347,178.8834,-4654.0864,-6379.109,33.44932,14803.606,0.57817423,4.5330143,466.93735,191.35666,-5.723882,-12.473251,558.747,101.11862,0.03177511,2.19308,168.85362,2.9615757,57.01479,32465.492,-0.15634842
0.0,4.475439e-05,1.3103659e-07,468.75342,179.19371,-4285.048,-5732.4854,31.787584,14848.848,0.5722452,4.203709,469.31708,-0.06777841,-0.5636564,179.26149,559.37164,101.00281,0.032752696,1.915919,159.95813,2.9419982,54.370575,28449.19,-0.14449038
0.0,4.6093723e-05,1.3234762e-07,470.6946,175.20535,-4701.185,-6223.092,32.321663,14173.047,0.5696571,4.4789076,534.442,206.47308,-63.74744,-31.267721,559.5961,101.06232,0.03208207,2.086011,163.14404,2.956679,55.178135,29565.13,-0.13931417
0.0,4.2399046e-05,1.3143669e-07,470.15298,176.7863,-4244.2495,-6056.102,30.300533,14494.648,0.587951,4.3460183,533.276,205.11,-63.123028,-28.323708,559.1006,101.06614,0.034710705,1.9268388,155.92961,2.9464862,52.92053,27928.85,-0.17590201
0.0,4.488803e-05,1.2969963e-07,466.98605,175.12794,-4400.507,-6095.6484,31.748825,14534.083,0.58075064,4.502447,537.73737,201.29268,-70.75134,-26.164736,559.4231,101.094215,0.03353203,1.982242,159.37746,2.9269512,54.451694,28810.07,-0.16150123
0.0,4.8237634e-05,1.3032194e-07,220.70975,179.9723,-4283.5576,-5952.97,33.177578,15309.554,0.58154196,4.2431865,469.3451,214.8575,-248.63536,-34.885193,559.9645,101.02045,0.032499284,2.046431,165.61284,2.9339647,56.446774,31329.945,-0.16308388
0.0,5.5914825e-05,1.3546988e-07,-433.6534,178.9003,-4715.506,-6611.0566,36.552605,15463.934,0.58367723,4.42694,473.49084,217.44763,-907.1443,-38.547318,559.19586,101.07228,0.02861716,2.3596177,181.79297,2.9913516,60.77285,36488.97,-0.16735448
0.0,5.1725547e-05,1.3162023e-07,-347.9685,177.22963,-4702.7104,-6268.061,34.54511,14751.137,0.5713419,4.429726,476.36316,208.28363,-824.33167,-31.053997,559.1978,101.169075,0.03149699,2.319881,172.34795,2.9485428,58.451904,34220.88,-0.14268371
0.0,5.708332e-05,1.3521485e-07,472.6753,175.8024,-4565.585,-6351.821,36.948036,15867.056,0.5818068,4.423888,535.1362,206.49727,-62.46095,-30.694881,558.8969,101.1842,0.028662123,2.3691523,183.5097,2.9885347,61.404575,37591.473,-0.1636136
0.0,4.658699e-05,1.2974084e-07,-509.2117,175.90381,-4915.702,-6542.7075,32.11096,13821.628,0.5709961,4.652426,530.5718,206.86298,-1039.7834,-30.959164,558.8225,101.04009,0.034251306,2.2522182,162.39136,2.9274163,55.472588,31129.324,-0.14199226
0.0,4.8049904e-05,1.320185e-07,425.3367,178.011,-4627.2188,-6279.2627,33.029903,15157.232,0.57573676,4.47433,474.5091,207.26886,-49.172394,-29.257858,559.17145,101.141205,0.032115877,2.0704813,166.36267,2.9530003,56.336826,31382.766,-0.15147357
0.0,5.227591e-05,1.321798e-07,-566.5976,178.48538,-4914.254,-6614.593,34.761967,15436.363,0.5737428,4.5241218,475.54892,206.13606,-1042.1465,-27.65068,559.08734,101.175415,0.03120662,2.2458584,173.63034,2.9548042,58.762047,34667.887,-0.14748561
0.0,5.1424853e-05,1.3333455e-07,474.78546,176.72763,-4802.7783,-6457.1997,34.630062,14943.325,0.5734647,4.4699078,544.50616,191.6582,-69.72069,-14.930571,559.41486,101.257774,0.030397708,2.233818,172.96178,2.9676828,58.28176,33380.668,-0.14692937
0.0,4.7874917e-05,1.3111375e-07,471.74173,178.66774,-4623.7236,-6076.669,32.96949,14960.562,0.56789213,4.443885,471.59857,206.65738,0.1431714,-27.989635,559.8383,101.20731,0.032449506,2.0862925,165.48947,2.9428644,56.23415,31212.105,-0.13578428
0.0,5.3148477e-05,1.3334424e-07,469.845,173.86018,-4384.382,-6039.654,35.146564,15466.655,0.5793969,4.4088264,538.33545,205.3404,-68.49048,-31.48021,559.9119,101.259636,0.030547898,2.2790985,175.84288,2.9677906,59.25043,35250.03,-0.15879379
0.0,4.3528802e-05,1.3036906e-07,451.3975,178.75029,-4418.06,-5820.3135,30.9518,14116.525,0.56848025,4.3431945,473.32123,209.07741,-21.923735,-30.32712,559.79865,101.0306,0.034292612,2.0085385,157.3504,2.9344952,53.620945,28353.582,-0.13696055
0.0,5.2377232e-05,1.3514678e-07,479.85153,174.57047,-4909.736,-6648.442,35.26082,15111.666,0.5752154,4.330783,449.57584,195.4659,30.275682,-20.895426,559.7149,101.374535,0.029005693,2.210924,175.73827,2.9877825,58.818966,33410.742,-0.1504308
0.0,5.5422897e-05,1.3433458e-07,466.58655,178.12387,-4535.4,-6065.1855,36.25047,16142.554,0.5721557,4.2589493,466.82516,203.20917,-0.23862706,-25.08529,559.2847,101.13459,0.02932016,2.2567852,180.23154,2.978791,60.504925,36430.277,-0.14431141
0.0,5.2874006e-05,1.3204723e-07,476.51547,175.10416,-4574.15,-6294.319,35.09895,15499.695,0.5791358,4.3884664,539.6478,199.42094,-63.132393,-24.3168,559.5749,101.28225,0.030884612,2.2483132,174.53317,2.953322,59.097244,34848.168,-0.15827152
0.0,7.90619e-05,1.3988318e-07,467.02676,181.84125,-5483.8486,-7410.597,45.15803,17627.207,0.57471234,4.667723,467.54688,213.74799,-0.52013034,-31.90674,559.6199,101.511375,0.024319403,3.1034806,219.66386,3.039687,72.26529,54705.695,-0.14942469
0.0,5.520872e-05,1.315035e-07,393.34866,178.81001,-4655.023,-6401.8477,35.697144,16627.604,0.5789927,4.4639955,473.35266,215.5667,-80.004,-36.756683,559.0979,101.18728,0.03151812,2.2679245,177.97734,2.947235,60.387905,37710.15,-0.1579855
0.0,7.42651e-05,1.3635545e-07,450.60788,178.71965,-4754.5366,-6567.46,43.362602,17215.994,0.58006203,4.3478045,469.76996,220.62744,-19.162088,-41.9078,559.0005,101.1316,0.025982304,2.9744864,210.19427,3.0011132,70.03877,51208.742,-0.16012402
0.0,6.594844e-05,1.3570846e-07,-476.92276,174.05042,-4671.745,-6780.1157,39.883205,16468.693,0.5920536,4.5380864,533.7899,206.23766,-1010.7127,-32.18724,558.9042,101.33156,0.028143726,2.798467,197.60503,2.9939847,66.00068,46087.094,-0.18410723
0.0,5.684163e-05,1.3633985e-07,436.24493,178.66316,-4535.351,-6250.3936,36.324356,17243.959,0.579505,4.3881507,469.76135,203.43483,-33.516407,-24.771671,559.178,101.42957,0.029602408,2.2651894,183.88101,3.0009415,61.274445,39060.836,-0.1590101
0.0,4.9459446e-05,1.3044352e-07,419.85184,177.5942,-4645.666,-6329.8604,33.71039,14966.956,0.576725,4.4591064,467.45575,203.10214,-47.603928,-25.50794,559.8956,101.30537,0.0321221,2.1510906,167.77534,2.935333,57.157173,32195.28,-0.15344995
0.0,5.8696998e-05,1.3572517e-07,472.5912,177.84512,-4522.0967,-6319.2505,37.386753,16602.23,0.58288425,4.3472877,478.01074,206.42946,-5.419543,-28.584335,559.23804,101.3093,0.028683702,2.3760946,186.43626,2.994169,62.266445,39448.47,-0.16576852
0.0,5.406472e-05,1.3355007e-07,475.82172,175.67169,-4714.428,-6478.974,35.51332,16162.74,0.5788208,4.370286,432.566,197.02826,43.255707,-21.356567,559.65704,101.312256,0.03031001,2.2253008,177.48894,2.9700801,59.75897,35966.96,-0.1576416
0.0,6.558303e-05,1.3388726e-07,470.0979,178.11967,-4848.2627,-6742.1904,40.10658,16396.852,0.58170205,4.563526,467.15622,202.63995,2.9416828,-24.520271,559.36816,101.28638,0.028008303,2.7183344,195.73009,2.9738271,65.81757,44572.13,-0.16340412
0.0,6.753937e-05,1.3478467e-07,462.2968,178.42993,-5144.4526,-6993.845,41.02316,16126.993,0.57618004,4.647795,467.96777,165.17929,-5.6709585,13.250643,559.4666,101.337494,0.027079634,2.8207603,199.29251,2.983777,66.79203,45490.38,-0.15236011
0.0,8.417548e-05,1.3919417e-07,471.37787,182.76016,-5535.384,-7476.2305,47.430008,17596.541,0.5745813,4.582996,467.80402,210.60782,3.5738702,-27.847654,559.9054,101.48144,0.023229646,3.2382157,226.0974,3.0321915,74.56567,56981.395,-0.14916264
0.0,0.00010324634,1.3911934e-07,475.11874,182.35518,-5226.5215,-7162.65,53.302727,17584.832,0.57813793,4.574432,464.9762,214.0891,10.142546,-31.73392,559.09753,101.37871,0.022250403,4.212825,250.336,3.0313764,82.58163,74081.82,-0.15627588
0.0,7.308778e-05,1.381717e-07,461.70438,179.64754,-4661.597,-6461.032,42.760105,17761.049,0.5808907,4.544237,470.31607,215.4266,-8.611679,-35.779076,558.94025,101.58174,0.025934475,2.866059,209.90567,3.0210342,69.48139,50904.215,-0.16178147
0.0,7.855926e-05,1.3658752e-07,474.4827,176.13527,-5149.6924,-7056.3086,44.879295,16899.312,0.57810163,4.5240946,538.6404,200.92572,-64.15771,-24.79045,559.0222,101.4182,0.025432955,3.235347,216.36969,3.003666,72.03521,54675.145,-0.15620321
0.0,9.177717e-05,1.4123064e-07,412.43317,180.23016,-5124.01,-7171.307,49.656757,17907.107,0.5832552,4.610889,465.88586,238.03615,-53.452698,-57.805977,559.2758,101.3882,0.022549082,3.59401,237.80667,3.0542922,77.859825,64358.324,-0.16651036
0.0,8.298351e-05,1.3303949e-07,472.79138,176.50775,-5233.1147,-7274.487,46.267643,16634.215,0.58160526,4.6833363,464.03918,199.18799,8.752206,-22.680235,559.25134,101.32886,0.026214406,3.5357115,219.47165,2.9643972,74.03584,58813.785,-0.1632105
0.0,6.23944e-05,1.3380816e-07,472.01807,176.74843,-4822.596,-6602.272,38.786255,16401.59,0.57788604,4.5640793,471.13086,203.14395,0.8872164,-26.395523,559.8159,101.46169,0.028761802,2.587337,190.85623,2.9729488,64.19762,42436.438,-0.1557721
