,detuning_Hz,cyc,detuning,freq,cyc.1,ROIsum,fBg,fA1,fWidth1,fCtr1,fA2,fWidth2,fCtr2,box1,box2,box3,box4,box5,box6,box7,box8,box9,Nfit,BZ-2,BZ-1,BZ0,BZ1,BZ2,Excited,c5,c7,c9,fraction95,fraction75,fraction97,sum95,detuning_EF,ratio95,f5,f9,c5_alpha,c5_transfer,c5_scaledtransfer,e_detuning_Hz,e_cyc,e_detuning,e_freq,e_cyc.1,e_ROIsum,e_fBg,e_fA1,e_fWidth1,e_fCtr1,e_fA2,e_fWidth2,e_fCtr2,e_box1,e_box2,e_box3,e_box4,e_box5,e_box6,e_box7,e_box8,e_box9,e_Nfit,e_BZ-2,e_BZ-1,e_BZ0,e_BZ1,e_BZ2,e_Excited,e_c5,e_c7,e_c9,e_fraction95,e_fraction75,e_fraction97,e_sum95,e_detuning_EF,e_ratio95,e_f5,e_f9,e_c5_alpha,e_c5_transfer,e_c5_scaledtransfer,em_detuning_Hz,em_cyc,em_detuning,em_freq,em_cyc.1,em_ROIsum,em_fBg,em_fA1,em_fWidth1,em_fCtr1,em_fA2,em_fWidth2,em_fCtr2,em_box1,em_box2,em_box3,em_box4,em_box5,em_box6,em_box7,em_box8,em_box9,em_Nfit,em_BZ-2,em_BZ-1,em_BZ0,em_BZ1,em_BZ2,em_Excited,em_c5,em_c7,em_c9,em_fraction95,em_fraction75,em_fraction97,em_sum95,em_detuning_EF,em_ratio95,em_f5,em_f9,em_c5_alpha,em_c5_transfer,em_c5_scaledtransfer
0,-4034000.000000006,75.0,-4.034000000000006,43.188700000000004,75.0,10432.366666666667,-0.1973672,31.114966666666664,8.74541,123.89133333333332,0.03525843333333333,244.7006666666667,342.8423666666667,-2.8627903333333333,-5.388833333333333,-11.370809999999999,-4.990376666666666,-5.645816666666666,-616.432,6624.763333333333,34.98643333333333,6230.346666666667,10069.843333333332,1.0187166666666667,-1.5073243333333333,-3.607785,-1.1088660233333332,-1.764306666666667,0.37618466666666667,7115.7733333333335,79.62376666666667,5511.515199999999,0.56359,0.980771,0.02134873333333333,12627.288533333332,-303.3082706766922,0.7749809980643586,0.5635896274124951,0.436410372587505,0.206189025216902,1.675237432568795e-05,0.03546076832670463,-4034000.000000006,46.57252408878007,0.0,0.0,46.57252408878007,422.94503583011044,0.1918269662031905,0.6609659169225992,0.19083411356463467,0.037634204300520564,0.1006103039241177,439.46637411648845,254.88947672550808,3.427140127351132,1.5449063122511122,6.314719536535254,1.6071059805231678,2.2345785985356015,80.66235659835384,198.3235279368871,3.4812724804779864,267.0510712079867,2066.851384360601,3.7633758396728507,1.7754349941342076,5.299182703372757,1.6012838517724648,2.738530443510412,0.8212050797464256,140.06564508591427,6.57288316367584,217.35523514219742,0.013190980213767271,0.0019389574518281988,0.0013722426255343234,178.26499404272752,0.0,0.04103785792403065,0.01319092320971813,0.013190923209718137,0.006766804268766766,5.49786963587389e-07,0.001163767461602143,-4034000.000000006,26.888659319497503,0.0,0.0,26.888659319497503,244.18743028893016,0.11075135057524128,0.38160885006043044,0.11017812683710544,0.021728117983642922,0.05808738605383941,253.72602939594339,147.16050800107493,1.9786602750767444,0.8919520752509318,3.6458050242756177,0.9278630704713083,1.2901345553899062,46.57043329552917,114.50214224099803,2.0099136037264014,154.18200784930903,1193.2972031355437,2.172786054096854,1.0250478717920664,3.05948456027727,0.9245016628698334,1.5810912887447215,0.47412297385148694,80.8669378945712,3.7948558639002052,125.49010351912209,0.007615815977293561,0.0011194576067602414,0.0007922646492457204,102.92134229765577,0.0,0.023693218319404713,0.007615783065990445,0.0076157830659904484,0.003906816266126001,3.17419651424126e-07,0.0006719014572301247
1,-4031000.000000006,66.0,-4.031000000000006,43.1917,66.0,10094.053333333335,-0.03396586666666667,29.886566666666667,8.72059,124.03266666666667,0.08358553,-27.557283333333334,166.66666667711135,-3.6558333333333333,-0.6146266666666665,-8.56906,-4.82843,-5.48311,-618.5336666666667,6377.56,35.611799999999995,6124.843333333333,8618.173333333332,0.2389103333333333,3.280117333333333,-0.7795583333333335,-0.9336839333333332,-1.5883663333333333,5.107292999999999,6870.246666666666,80.40136666666666,5426.371866666666,0.5586099999999999,0.9798723333333333,0.021883033333333333,12296.618533333332,-303.08270676691774,0.7904558790860441,0.5586101729295702,0.4413898270704298,0.21805082683911267,1.771611786510906e-05,0.03750078281738888,-4031000.000000006,46.57252408878007,0.0,0.0,46.57252408878007,404.67034797886214,0.036744410558523496,0.6700014726351975,0.08978958569901038,0.21553267347047664,0.15976741716310838,17.655048161385267,288.6751345857675,1.6468914895746265,2.8323223940846374,2.50942452470681,1.2853142758485179,0.4475608033552534,74.4859379502825,282.9980906296012,5.302953994708987,49.38355428007706,472.74328301239086,1.2800043760239,3.2834526915065085,1.7747970293271096,0.8299963898622773,0.7855923408870107,8.117562557081222,225.4895175686295,10.580937935898374,18.817083591602326,0.008816961608173204,0.0031716910841589735,0.002787680455743329,210.93850836415254,0.0,0.028388877948323992,0.008817193927181536,0.008817193927181612,0.010893773623857782,8.850935367398617e-07,0.0018735312525621267,-4031000.000000006,26.888659319497503,0.0,0.0,26.888659319497503,233.6365343386556,0.02121439532717767,0.386825530583377,0.05184004147374861,0.1244378470473394,0.09224176130685185,10.19314680853159,166.6666666614443,0.9508332448320144,1.6352420966565708,1.4488169248505256,0.7420765431544107,0.25839935029588074,43.00447632643736,163.38902380515037,3.0616619163454346,28.511608357142983,272.93846170479134,0.7390108710612975,1.8957022953126839,1.0246795426389548,0.4791986391134034,0.45356194948442385,4.68667692749447,130.18643366768708,6.10890736556965,10.864048276975293,0.005090475157913395,0.0018311767012255194,0.0016094680615380697,121.7854045865016,0.0,0.01639032632545629,0.005090609287355393,0.0050906092873554375,0.006289523134225136,5.110089916947571e-07,0.0010816837730019207
2,-4028000.0000000056,67.0,-4.028000000000006,43.19469999999999,67.0,10141.853333333334,-0.19970443333333335,30.41463333333333,8.68891,123.89799999999998,0.08738420000000001,-111.99933333333333,220.32563000000002,-2.4810133333333333,-2.847777333333333,-8.086546666666665,-4.8707633333333336,-4.605096666666666,-650.0886666666667,6503.900000000001,41.07503333333333,6034.389999999999,8917.776666666667,1.61242,1.2456566666666666,0.10031000000000005,-0.777332533,-0.511663,0.5339453333333334,7021.723333333332,88.14953333333334,5372.809466666667,0.566332,0.9785606666666666,0.024123666666666665,12394.5328,-302.8571428571433,0.7658643390210234,0.5663317238205324,0.4336682761794676,0.21073273713917354,1.712154025423294e-05,0.036242204271946916,-4028000.0000000056,46.57252408878007,0.0,0.0,46.57252408878007,543.3608584847947,0.19082688554043778,1.1060176686352403,0.2266650936955226,0.16479077644091156,0.022347613825193954,65.12964821287869,242.894241255594,3.828991847397084,2.8839262338592038,3.3499532791120137,1.4782643224516154,1.4894537614284418,52.567666548300664,380.24039396150476,9.62809837420315,209.50005990452567,608.5006466170216,4.14748392612919,2.8589195744255087,3.1757870312097443,1.3745308745459182,1.29767000149229,0.3053014011453818,421.7332100194783,12.394847191608838,205.23047040995976,0.00558169902449065,0.001995160227483895,0.0025694965310996886,626.5037456259615,0.0,0.017466725134710006,0.005581680639934139,0.005581680639934092,0.02037463279514435,1.655391090644317e-06,0.0035040668751901483,-4028000.0000000056,26.888659319497503,0.0,0.0,26.888659319497503,313.7095379133023,0.11017395373538966,0.6385595987150383,0.13086515286100173,0.09514199913812772,0.012902400857721532,37.60261992793114,140.2350555735271,2.2106694738195887,1.6650355874416352,1.9340964274679906,0.85347630450086,0.8599365301062114,30.349956432331872,219.53189381044413,5.558785188130386,120.95491598112062,351.31801212639874,2.3945509612103337,1.650597985886058,1.8335414973578683,0.7935857704285375,0.7492101246808756,0.1762658461352561,243.48778233095078,7.156168362639639,118.4898673371038,0.003222595434325148,0.0011519062944142617,0.0014834995139122148,361.71210618545774,0.0,0.010084418458386025,0.003222584819996498,0.0032225848199964706,0.011763299728916366,9.557404917976046e-07,0.002023073953649483
3,-4025000.0000000056,51.0,-4.025000000000006,43.1977,51.0,10288.833333333334,-0.2829646,30.535466666666665,8.750996666666667,123.77933333333333,-0.0013133333333333278,32.55473333333334,252.1670333333333,-4.6217733333333335,-1.8559373333333333,-8.543973333333334,-3.7300799999999996,-4.582906666666666,-580.9006666666667,6658.753333333334,37.870133333333335,5940.406666666667,9862.976666666667,-0.9639953333333334,1.801838,-1.22843,-0.07230366666666667,-0.9251263333333334,0.9655406666666666,7121.46,79.9346,5250.555666666666,0.575473,0.9807193333333334,0.02247853333333333,12372.015666666666,-302.63157894736884,0.7379713666493224,0.5754729537518254,0.42452704624817467,0.20591429289227348,1.673005296917199e-05,0.03541351935549842,-4025000.0000000056,46.57252408878007,0.0,0.0,46.57252408878007,201.56950000764854,0.22497580517975704,0.5438461577811615,0.22765745547496002,0.10809872031312283,0.1380472062098083,392.4869429074212,229.5970050701954,2.217876567267289,1.6795398293822428,3.0003104740065365,0.8050149079986034,2.310128613439809,44.57971540211239,275.2782492921177,4.584514871099597,59.084950988668254,1315.3342931108173,2.0421890888420036,1.8482089574753175,2.7145067060333448,1.0512803442090666,2.585829413611875,1.1076846386771524,275.4914316271923,1.420612308126321,24.740585442816748,0.008751577629204928,0.0007212325098977087,0.0003059844821773365,294.32832788580447,0.0,0.02665461052935335,0.008751755689771412,0.008751755689771398,0.013309449254312721,1.0813615115666095e-06,0.0022889835968074907,-4025000.0000000056,26.888659319497503,0.0,0.0,26.888659319497503,116.37620508983416,0.12988984168168555,0.31398972559269733,0.1314380932014934,0.06241082527183553,0.07970159166610859,226.60244214101292,132.5578926824092,1.2804916331411325,0.969682772608536,1.7322300598201277,0.4647755738346555,1.3337533768321306,25.738110687806497,158.9319713308531,2.6468708949331954,34.11271235836346,759.4086082018764,1.1790584201790473,1.067063939117052,1.567221177445396,0.6069569897228669,1.492929308027268,0.6395220243174673,159.05505220939486,0.8201908985108272,14.283983665319186,0.005052725700055372,0.00041640378373775154,0.00017666022315293348,169.93053933500164,0.0,0.01538904656426679,0.005052828503371363,0.0050528285033713555,0.007684214109743113,6.243243597942827e-07,0.0013215452957874426
4,-4022000.0000000056,85.0,-4.022000000000006,43.200700000000005,85.0,10290.48,-0.07318715666666667,30.28533333333333,8.731326666666668,123.758,-0.00024954999999999883,42.35750000000001,2.32413908628e-07,-3.40788,-1.7666426666666668,-9.61872,-4.948043333333334,-4.359743333333333,-639.1293333333333,6521.113333333334,39.9667,6156.073333333334,9601.226666666667,0.6165466666666667,2.257781,-1.56985,-0.9236179999999999,-0.3353157,5.399105333333334,7030.203333333334,86.24759999999999,5465.433933333333,0.5625973333333333,0.9789646666666667,0.0232613,12495.637266666667,-302.40601503759444,0.7776015050379849,0.562597576798819,0.437402423201181,0.21032305423538974,1.7088254479920748e-05,0.03617174625157845,-4022000.0000000056,46.57252408878007,0.0,0.0,46.57252408878007,582.1286912702382,0.06055131313905284,0.5703327566722216,0.17763895753278197,0.2728021260914096,0.11107089306792982,423.59906416710834,4.025243569981595e-07,1.8503092144828117,1.025195502292774,2.6498445752911626,3.7245480139519396,1.296538104196453,67.11606643966351,238.61844571058077,5.733866970901922,172.18042639433042,1034.7427255764267,1.427858013821169,1.2714824652872725,3.493416733629127,3.8344127714334566,0.8775696727263711,8.708387791821476,200.77544081219995,9.719673008388712,143.42753360918329,0.005921242127572029,0.002555261499990427,0.0022463410716095644,310.8446180219526,0.0,0.018821941653964856,0.005921223323114213,0.005921223323114246,0.009699795471745936,7.880856144228006e-07,0.0016681886908295324,-4022000.0000000056,26.888659319497503,0.0,0.0,26.888659319497503,336.0921566078766,0.034959316940617484,0.32928177059236846,0.10255989995011616,0.15750238093437754,0.06412681001190142,244.56503372535357,2.3239754586826844e-07,1.0682765230656963,0.5918968992207266,1.5298884788550222,2.150368798464838,0.7485566234724292,38.74947902588854,137.7664238646139,3.310449639147729,99.40841552795122,597.4089911535569,0.8243742086442164,0.7340907436034958,2.0169250915523196,2.2137992457712454,0.5066650867812221,5.02779003581578,115.91775479958942,5.611655827828362,82.80792513846606,0.0034186307362906627,0.00147528091486936,0.0012969256223854945,179.46622389112073,0.0,0.010866853080588039,0.0034186198795318813,0.0034186198795319008,0.00560017952669683,4.550014416314755e-07,0.00096312918970952
5,-4019000.0000000056,71.0,-4.0190000000000055,43.2037,71.0,10124.053333333333,-0.3312283333333333,30.5772,8.73086,123.74566666666665,0.09580460000000002,665.5533333333333,397.3586666666667,-5.776486666666667,-0.08951300000000002,-6.963093333333333,-5.214976666666667,-6.083353333333334,-601.7046666666666,6484.580000000001,26.795666666666666,6035.8,10173.053333333333,-1.98771,3.6992666666666665,0.6144496666666664,-1.4262050000000002,-2.2945800000000003,0.1071627,6963.860000000001,70.36656666666666,5342.3656,0.5658949999999999,0.9826203333333333,0.019518733333333333,12306.2256,-302.18045112782,0.7671296770234796,0.5658948179834967,0.4341051820165034,0.21352821100976396,1.7348665944596655e-05,0.03672297501706337,-4019000.0000000056,46.57252408878007,0.0,0.0,46.57252408878007,450.126736079222,0.16696524087466028,0.8328822425769439,0.0039030885206469937,0.14002975874196413,0.2089662227009906,559.0928578951205,135.5812592408454,0.30823127442447046,1.7886853646846335,3.340383019450514,1.8048356546049653,1.6346578259786768,63.08237671753762,123.30351211543028,3.8605593238976823,156.32102961533968,1198.270083926547,0.6379983574430267,2.051925079683304,3.388699738576779,2.1973329289775365,1.6588868317941403,0.8521129539134292,73.14110950758105,3.0144000005529024,90.65650210348946,0.002141844765616718,0.0008530488458074531,0.001123769448478348,159.97085134998704,0.0,0.0066729048340110775,0.0021415558979911487,0.002141555897991144,0.003533568647291443,2.8709415849204277e-07,0.000607709644275658,-4019000.0000000056,26.888659319497503,0.0,0.0,26.888659319497503,259.88079224478645,0.09639742676429583,0.48086478695505774,0.00225344920806648,0.08084621890423135,0.12064670492795622,322.792412007745,78.27787651977053,0.17795740926162942,1.032697976796217,1.9285710354762093,1.0420223510292113,0.9437701358617174,36.42062717899173,71.18931591186995,2.2288949648748466,90.25198852841584,691.8215555168674,0.36834852341227053,1.1846794971121,1.956466706270118,1.2686307580444096,0.9577587588914723,0.49196764332188553,42.22803926302982,1.7403646517644262,52.34055589323951,0.0012365946519912031,0.0004925079807588325,0.0006488085935860515,92.35921408940862,0.0,0.0038526034021930506,0.0012364278741898206,0.0012364278741898178,0.0020401068097137365,1.6575388968814999e-07,0.0003508613267116829
6,-4016000.000000005,49.0,-4.016000000000005,43.20669999999999,49.0,10571.34,-0.17136956666666667,30.62823333333333,8.791333333333332,123.83533333333332,0.13418186866666668,65.97466666666666,0.06696767075053499,-2.4434850333333333,-2.6229133333333334,-8.39864,-5.311466666666667,-3.9765166666666665,-570.1086666666666,6728.41,37.12903333333333,6058.286666666667,8881.266666666666,1.1463373333333333,0.966907,-1.2189953333333332,-1.7216466666666665,-0.3866943666666667,1.022055,7182.526666666668,78.41196666666667,5340.167999999999,0.573492,0.9811996666666666,0.02179223333333333,12522.694666666668,-301.95488721804554,0.7441730454893415,0.5734918805843562,0.42650811941564387,0.2029640606606231,1.649035352522572e-05,0.03490613298240472,-4016000.000000005,46.57252408878007,0.0,0.0,46.57252408878007,805.1666379079552,0.1897414562631565,1.6769936801709577,0.0834882275134257,0.10052031303837392,0.2169965067906959,113.54438421570364,0.11599139759426984,2.224877126664303,1.3036240167062485,0.7888413571181466,0.7500557368844886,0.4804368660223038,29.91420850253828,468.39412645762314,6.953499939119393,375.20211357791345,566.7064016166875,2.3260762766103205,1.4026429399255533,0.861160826898979,0.9262022755496412,0.298296777064224,0.8222049096904007,447.2904653950647,5.954255868144503,301.8526000013251,0.011454309625638768,0.0019721565184673785,0.002780836439514794,691.7020025609969,0.0,0.03523822754334022,0.011454048160117735,0.01145404816011764,0.021609346308707214,1.7557086654639834e-06,0.003716415179413641,-4016000.000000005,26.888659319497503,0.0,0.0,26.888659319497503,464.8631751386639,0.10954728084996501,0.9682127526760036,0.048201950629041056,0.058035429791730625,0.12528299160881676,65.5548807919068,0.0669676646247326,1.2845334079934763,0.7526476769674137,0.4554377698800717,0.43304488159748256,0.27738035392659727,17.270976331535067,270.42747499714835,4.014605061660628,216.62304127472487,327.1880935248787,1.342960764456571,0.8098162789429464,0.49719143522568626,0.5347431331126293,0.1722217245364275,0.4747002259387848,258.2432706017936,3.4376912282971372,174.27467986635347,0.006613148745743864,0.001138625096821216,0.0016055166669261868,399.35433737759473,0.0,0.020344800157912755,0.006612997788554912,0.006612997788554857,0.012476161908343955,1.0136588706241894e-06,0.002145673304254877
7,-4013000.000000005,57.0,-4.013000000000005,43.2097,57.0,10522.266666666666,-0.17966496666666668,30.67143333333333,8.765266666666667,123.78866666666666,0.26336106666666664,449.9363333333333,137.0351114319,-3.58687,-0.9462646666666665,-11.239303333333334,-6.4658766666666665,-5.28712,-566.16,6455.759999999999,39.6723,6259.7266666666665,13945.853333333333,-0.021914333333333296,2.6186936666666667,-4.10941,-2.900916666666667,-1.7221633333333333,0.3716406666666667,6906.723333333334,80.6693,5502.768533333333,0.5567223333333333,0.9799693333333334,0.021646866666666667,12409.491866666669,-301.7293233082711,0.7965044078506903,0.5567222104347161,0.4432777895652838,0.21628857840510884,1.7572939316249664e-05,0.03719770808590611,-4013000.000000005,46.57252408878007,0.0,0.0,46.57252408878007,468.3182714066725,0.16250568359076964,0.6618613626231181,0.1928119927113797,0.16416252109824728,0.2919873329286963,189.03608878818173,237.31251584858228,1.8088792503923528,2.7769994430423157,4.794050139812196,1.3856993119119791,0.5159705225107342,50.92989876290743,106.00902744577925,15.552009616445073,329.0759779037867,5564.112631726045,1.905915521390267,3.0739394021939233,5.331942120803638,1.662607599355101,0.20573869405956038,0.22389056833715293,116.38239228222358,12.037366095620747,265.1092422309216,0.008457152613813596,0.0030022708627525743,0.002956075161989851,370.9378421221715,0.0,0.02729824822973823,0.008457186070504538,0.008457186070504519,0.005622626936259617,4.568252409692073e-07,0.0009669897365509561,-4013000.000000005,26.888659319497503,0.0,0.0,26.888659319497503,270.38368006306257,0.093822700165975,0.3821258358766697,0.11132005589490322,0.09477927574692067,0.16857896526634367,109.14003674841072,137.0124449072463,1.0443569221455533,1.6033013759799217,2.7678461387291344,0.8000338707482604,0.2978957200654842,29.40439076056499,61.204340532351075,8.978956938494212,189.9921044265906,3212.4419257284294,1.1003808393273566,1.774739741329259,3.0783982187494847,0.959906945044385,0.11878329039800925,0.12926327989847355,67.19340551307441,6.949776555640713,153.0608923666803,0.004882739338163027,0.0017333618907903687,0.001706690790519607,214.16106300185461,0.0,0.015760650963844592,0.004882758654392549,0.004882758654392537,0.0032462251752023307,2.637481758461875e-07,0.0005582917847012997
8,-4010000.000000005,65.0,-4.010000000000005,43.212700000000005,65.0,10471.495,-0.032958183333333335,30.95996666666667,8.671603333333334,123.91233333333332,6.706666666667314e-06,3.3125445,250.26795750000346,-2.8702462833333335,-3.3460818333333333,-9.166206666666668,-5.7343616666666675,-5.540086666666667,-592.9373333333333,6733.355,31.046283333333335,6126.561666666667,8752.42,0.8633208833333333,0.3874868333333333,-1.699086,-2.0007946666666667,-1.8065179999999998,-0.06830283333333338,7205.651666666668,73.98233333333333,5411.062466666666,0.5709203333333334,0.9823353333333333,0.02021405,12616.714133333333,-301.50375939849664,0.7521198507934866,0.5709204190578246,0.42907958094217546,0.20184685344953832,1.6399583061668008e-05,0.03471399362851075,-4010000.000000005,44.7794595769087,0.0,0.0,44.7794595769087,576.1005507287763,0.019086249210509297,1.09964605517715,0.14505194016857081,0.10374327287427582,0.02076888311012768,21.175207801747625,273.56805312745985,1.4569064809078454,1.707344530039607,2.6598717558834806,2.343522077748931,2.58774983530222,18.353226579178553,410.32806663692884,6.960396198325687,261.7607282551502,395.3534108111373,1.471909668358735,1.7672014833733494,2.4874800961728316,2.398226743464151,2.530943378731338,2.2699921099898495,408.84934063376784,7.4424462555443895,216.7118271360258,0.01126018427321093,0.0016476230960588527,0.0015707833864031032,561.2412157112437,0.0,0.03421406579206362,0.01126025224968235,0.011260252249682362,0.019752191636900437,1.6048192075499196e-06,0.003397018298350163,-4010000.000000005,18.281137820168635,0.0,0.0,18.281137820168635,235.19206497031288,0.007791928611557675,0.4489286221414023,0.059217206602285584,0.042353013798049156,0.008478861024553423,8.644742385280523,111.68369001481273,0.5947795801963505,0.6970204856214972,1.0858880971925446,0.9567388819053213,1.0564444464102742,7.492673375445577,167.51573173386828,2.841569848917633,106.86336982074087,161.40235409270414,0.6009046058246852,0.7214569844923727,1.0155094968254441,0.979071968163957,1.0332533076279022,0.9267203982698133,166.9120443710133,3.0383659606951756,88.47223295158273,0.004596950979846438,0.0006726393122948038,0.0006412696321881045,229.12576685197544,0.0,0.013967833869428108,0.004596978731124687,0.004596978731124692,0.008063798468679216,6.55164697985826e-07,0.001386826912975915
9,-4008000.000000003,66.5,-4.008000000000003,43.2147,66.5,10478.475,-0.1033212675,30.7971,4.287190000000001,123.8485,-0.009390905250000001,328.16851125,146.4147250000043,-1.9120274999999998,-3.0365467500000003,-9.9087325,-6.03731,-6.3663675,-559.40375,6624.4349999999995,31.682625,6093.7375,9767.555,1.61039125,0.48587249999999993,-2.863897,-2.5148925,-2.8439475,0.416331,7070.0225,72.190425,5362.242399999999,0.56890875,0.98246025,0.01989125,12432.2649,-301.3533834586468,0.758189855694469,0.5689087224592861,0.43109127754071386,0.2083993240672,1.693195591919361e-05,0.035840899594024735,-4008000.000000003,40.18706259482024,0.0,0.0,40.18706259482024,535.7701769415689,0.2033180831306229,0.7295331292454563,8.736976417655406,0.15071053933506698,0.05465936531738866,771.6496495423136,239.15710342917717,2.1433456421892543,2.7718867744532636,2.4568787803956327,1.2742407705767385,0.38516064409325834,18.514103063610747,157.29274670710862,8.354870824205884,366.9380849112467,1880.1827054571058,2.2470420552073005,2.792475249563548,2.3569970988914406,1.3374698310211208,0.43274958766589233,0.4344585719513427,146.9359423637844,8.458859227017548,299.72991124192697,0.010410680361212392,0.0018458209329907064,0.00154361199464114,423.3884811873045,0.0,0.03196076294271343,0.01041093159587579,0.010410931595875805,0.007098719756815777,5.767543179091849e-07,0.0012208508985763916,-4008000.000000003,20.09353129741012,0.0,0.0,20.09353129741012,267.88508847078447,0.10165904156531146,0.36476656462272816,4.368488208827703,0.07535526966753349,0.02732968265869433,385.8248247711568,119.57855171458858,1.0716728210946271,1.3859433872266318,1.2284393901978163,0.6371203852883692,0.19258032204662917,9.257051531805374,78.64637335355431,4.177435412102942,183.46904245562334,940.0913527285529,1.1235210276036502,1.396237624781774,1.1784985494457203,0.6687349155105604,0.21637479383294617,0.21722928597567134,73.4679711818922,4.229429613508774,149.86495562096349,0.005205340180606196,0.0009229104664953532,0.00077180599732057,211.69424059365224,0.0,0.015980381471356716,0.005205465797937895,0.005205465797937903,0.0035493598784078883,2.883771589545924e-07,0.0006104254492881958
10,-4007000.000000005,72.0,-4.007000000000005,43.2157,72.0,10358.699999999999,-0.4250413333333333,30.24213333333333,9.001066666666667,123.86166666666668,0.22381166666666666,21.9064,207.94500000000002,-2.0632003333333335,-1.218489,-9.87973,-5.589463333333334,-1.206446,-610.8176666666667,6588.956666666666,42.7514,6125.336666666666,15753.826666666666,1.7829543333333333,2.6276666666666664,-2.1874133333333337,-1.743304,2.6397126666666666,-9.662269666666667,7075.493333333333,86.98219999999999,5421.738866666667,0.565935,0.9788976666666667,0.023650166666666667,12497.232199999999,-301.2781954887222,0.7682008194637587,0.56593494897462,0.43406505102537984,0.20813501900987486,1.6910481753670853e-05,0.035795443923454864,-4007000.000000005,46.57252408878007,0.0,0.0,46.57252408878007,178.57782617111252,0.011393005632111902,0.5055505942369488,0.041587512949601675,0.3133310283603182,0.48725823265937057,633.2375596090933,253.97755026283326,2.578649751315664,0.6508230986381783,2.8740498895635054,2.0722718825562763,1.8639459000056844,10.835288844019477,367.92233750254115,6.078441001605594,159.72263124971832,6807.0746674422,2.5718827070604005,0.6890056691590668,3.006253876793065,2.138514192935834,1.9251055684822413,16.8137662552119,366.81429107020017,6.861530625159373,134.74332752033925,0.01828729069599977,0.002050000081300808,0.0015268831465876274,253.84654215080437,0.0,0.05632410465975261,0.01828758114050863,0.01828758114050863,0.017721408480544685,1.4398228428123425e-06,0.0030477604707157837,-4007000.000000005,26.888659319497503,0.0,0.0,26.888659319497503,103.10195601119001,0.006577754868578729,0.29187977167167767,0.024010561796379577,0.18090175356929195,0.28131867179074893,365.5998755012917,146.6340070123685,1.48878412806786,0.37575289119357863,1.659333477403904,1.1964267292279587,1.076149667123181,6.255756930841994,212.4200605979685,3.5093895485302484,92.2159041477002,3930.0663916416365,1.4848771732454655,0.39779760856216545,1.735661485018832,1.234671744957339,1.1114602181816697,9.707432473538036,211.7803296919818,3.9615065534886256,77.79409641537377,0.010558172206084408,0.001183568098777776,0.0008815463957034695,146.55836944362258,0.0,0.03251873698717282,0.01055833989429978,0.01055833989429978,0.010231459956661791,8.312821058830782e-07,0.001759625328193258
11,-4006000.0,90.5,-4.006,43.2167,90.5,10155.25,-0.02654985,29.93335,8.693539999999999,123.9825,0.002093299,-7.329705,500.0,-4.60508,-3.2205399999999997,-7.33535,-4.85011,-3.109615,-608.0455,6532.33,30.5032,5942.049999999999,8468.035,-0.7763795,0.6081645,0.32206,-1.0214105,0.7190799999999999,0.31635,7016.66,74.5333,5269.6316,0.5711785,0.9817635,0.02089465,12286.2916,-301.20300751879705,0.750855161443354,0.5711786475026076,0.4288213524973924,0.21097735519375194,1.7141414896992458e-05,0.03628427413552385,-4006000.0,36.062445840513924,0.0,0.0,36.062445840513924,48.57823586751633,0.0008374265609592277,1.2302950885864732,0.18291438215733674,0.18172644276494626,0.0018504291499006386,1.697063345915526,0.0,0.7491230661246517,0.5196386313583699,5.0797844053660395,2.183234613320337,0.1184757411878061,69.15150766613834,73.32697320904549,2.0452356539039718,213.92808558017774,170.26424184190938,0.3136959026581316,0.08420722525116234,5.9506429749397665,2.6186702620682314,0.5539050259746701,0.09709000369760007,128.4105914634773,7.052683035554622,220.58959714438083,0.0057735268683881446,0.0013682516215959837,0.001081661243181063,349.0001886078588,0.0,0.01769671635222958,0.0057731711531015546,0.0057731711531016135,0.006203729243790933,5.040384394750154e-07,0.001066928781705296,-4006000.0,25.5,0.0,0.0,25.5,34.350000000000364,0.0005921499999999996,0.8699499999999993,0.12934000000000045,0.1285000000000025,0.001308451,1.200005,0.0,0.5297099999999997,0.3674399999999999,3.5919500000000006,1.54378,0.08377500000000004,48.89749999999995,51.850000000000364,1.446200000000001,151.26999999999975,120.39500000000044,0.22181649999999997,0.05954349999999997,4.207739999999999,1.8516795,0.39166999999999996,0.06865299999999998,90.80000000000018,4.986999999999998,155.98040000000037,0.004082499999999989,0.00096750000000001,0.0007648500000000009,246.780400000001,0.0,0.0125134681373964,0.004082248471308669,0.004082248471308711,0.004386699016929861,3.564089985314686e-07,0.0007544325765869164
12,-4004000.0000000047,63.25,-4.004000000000005,43.2187,63.25,10087.057499999999,-0.218644825,29.931075,8.764635,123.89625000000001,0.080409175,-109.49875,392.640625,-3.198442,-3.3551175,-9.568819999999999,-4.8729825,-3.5559655,-590.21925,6459.1425,29.525525,5923.74,9282.035,0.5180125,0.3613327499999999,-2.13592725,-1.15652825,0.16048825,-1.1956735,6929.2725,72.26474999999999,5242.9734,0.5691515,0.982034,0.020420900000000002,12172.2459,-301.05263157894774,0.7572179389187809,0.5691516146465719,0.430848385353428,0.215199190660073,1.748442911900973e-05,0.03701035317502262,-4004000.0000000047,42.28770506896774,0.0,0.0,42.28770506896774,340.0138672049519,0.20940813392426402,1.1430680859715507,0.11075071993746344,0.13848555881391011,0.13085084768836044,378.83420476028385,207.32586729967514,1.6167109996747513,1.8599926328236713,1.9446378617281586,0.3391905085518562,3.12813370312092,46.280075679677395,273.0323978792016,7.101427354823348,143.15457659467248,1056.3857032511064,1.3455182739384601,1.8848362105437482,1.407885649031998,0.3494742003623682,3.253456865625482,2.9167755120491647,273.72591527231526,9.75772999711852,109.8378379955949,0.007331156366267564,0.0027608770345670603,0.0029824533379976515,356.2190347888219,0.0,0.022448002467859707,0.007331364234445069,0.007331364234445081,0.013224154222833497,1.0744314904660302e-06,0.0022743144001927756,-4004000.0000000047,21.14385253448387,0.0,0.0,21.14385253448387,170.00693360247595,0.10470406696213201,0.5715340429857754,0.05537535996873172,0.06924277940695506,0.06542542384418022,189.41710238014193,103.66293364983757,0.8083554998373756,0.9299963164118357,0.9723189308640793,0.1695952542759281,1.56406685156046,23.140037839838698,136.5161989396008,3.550713677411674,71.57728829733624,528.1928516255532,0.6727591369692301,0.9424181052718741,0.703942824515999,0.1747371001811841,1.626728432812741,1.4583877560245824,136.86295763615763,4.87886499855926,54.91891899779745,0.003665578183133782,0.0013804385172835301,0.0014912266689988257,178.10951739441094,0.0,0.011224001233929854,0.0036656821172225346,0.0036656821172225407,0.006612077111416748,5.372157452330151e-07,0.0011371572000963878
13,-4002000.0000000023,45.0,-4.0020000000000024,43.2207,45.0,10180.606666666667,-0.21409699999999998,30.018533333333334,8.771736666666667,123.72933333333333,0.6159203833333333,459.5036666666667,42.55833599530467,-3.7641620000000002,-1.9560983333333333,-9.356203333333333,-6.525046666666667,-3.1271233333333335,-578.8960000000001,6478.22,31.848566666666667,5994.116666666666,24896.77333333333,-0.11900666666666677,1.6890586666666667,-2.0658896666666666,-2.87989,0.5180316666666666,0.7098396666666668,6939.333333333333,73.76783333333333,5293.2886,0.5673673333333333,0.9817269999999999,0.0206506,12232.621933333334,-300.9022556390979,0.7627987365831692,0.567367300011734,0.4326326999882661,0.21471313506874232,1.7444938243098663e-05,0.036926760439182554,-4002000.0000000023,46.57252408878007,0.0,0.0,46.57252408878007,250.58689936493766,0.17890760152659807,0.3295278035816303,0.05950787538917277,0.018770544300399532,0.7675404845493758,453.13709901235563,73.71319331345074,3.954751407531452,1.3766052596181424,2.263099213254543,0.8218114810790446,1.2402666342901163,16.732153208717666,102.24683662588325,3.6902836155684997,253.69124567736526,23237.539031406344,3.8928040884346253,1.3467793726462154,2.0629072479247177,0.9038832033509641,1.2517947064412491,0.57144269364682,111.92129794339183,3.0024986366913367,204.46225440251806,0.008598780746904403,0.0010089999999999756,0.0014917766991074783,269.3418631863495,0.0,0.02692686732056325,0.008598893972006078,0.008598893972006033,0.005407104049138601,4.393145122725374e-07,0.0009299237134623812,-4002000.0000000023,26.888659319497503,0.0,0.0,26.888659319497503,144.67641380374042,0.1032923519014517,0.19025296610332038,0.034356887874841605,0.010837178804671466,0.443139705368518,261.6188260945896,42.55833200234771,2.283276789716335,0.7947834172083892,1.3066009399753407,0.4744730798241114,0.7160682751743097,9.660313159175203,59.03223864974137,2.130586238834539,146.46870898287833,13416.199415086889,2.2475114883602068,0.7775634333363278,1.1910200549025658,0.5218572107706603,0.7227240107340037,0.32992259300343635,64.61779149566958,1.7334933961352277,118.04633761841154,0.004964508378927829,0.0005825464216123183,0.000861277678800514,155.50459721467422,0.0,0.015546234095960529,0.00496457374947076,0.004964573749470734,0.003121792978306487,2.5363835191945865e-07,0.0005368917062933222
14,-4001000.0000000047,73.0,-4.001000000000005,43.2217,73.0,9666.99,-0.24110243333333334,29.25923333333333,8.746333333333332,123.827,0.1850665,-51.36273333333333,219.83266666671284,-2.54325,-3.0611766666666664,-10.255376666666667,-3.9869,-4.676373333333333,-636.724,6192.186666666666,30.316466666666667,5899.06,10677.65,1.4660313,0.948105,-2.23682,0.022383366666666665,-0.66709,-0.2798973333333334,6699.360000000001,76.42323333333333,5253.111333333333,0.560559,0.9804246666666666,0.021477766666666665,11952.471333333333,-300.8270676691733,0.7843170788881378,0.5605589059100836,0.43944109408991644,0.22630664592141528,1.838688378723513e-05,0.03892063378916952,-4001000.0000000047,46.57252408878007,0.0,0.0,46.57252408878007,128.93866448819776,0.19771694469408363,0.13845003912362525,0.10706210783154477,0.11269427669584782,0.1879389967775448,362.94778760038383,255.40204384715264,1.4041987509252385,3.185589289163519,3.7484872297546032,1.2921845935082186,1.639714450943619,54.4054722707193,110.09258391614398,7.662766852993333,168.08023649436018,2645.4811013310978,1.3770406735180591,3.0995019017698633,3.356142874774553,1.0016386123459415,1.9618577529729317,1.5262252970283692,66.75883836616656,8.110079754437274,167.4894139573403,0.010034092335632551,0.002105711360403698,0.0018011616649632894,115.37750884714681,0.0,0.03211656318142259,0.010033971162148674,0.010033971162148683,0.0032252305135709674,2.6204240886794903e-07,0.0005546810841248599,-4001000.0000000047,26.888659319497503,0.0,0.0,26.888659319497503,74.44277265121181,0.11415193124247953,0.07993416735733926,0.06181233677655111,0.06506407098647791,0.10850663038074371,209.5480028728607,147.45643876673418,0.8107145268424226,1.8392008336261463,2.1641901111526947,0.7460431229046571,0.9466895796464178,31.411014060888512,63.56198295976719,4.424100505313042,97.04116978547482,1527.369225989577,0.795034803540715,1.7894982573405875,1.9376699921899325,0.5782963224686526,1.1326791017906765,0.8811665860833454,38.543233301492975,4.682356729373694,96.7000582346831,0.005793185911051014,0.001215733020764728,0.0010399011721205897,66.61323579132863,0.0,0.01854250639823996,0.005793115951507479,0.005793115951507484,0.001862087705208793,1.5129025529900835e-07,0.0003202452732338813
15,-4000000.0,129.5,-4.0,43.2227,129.5,9712.592777777778,-0.22700776388888888,29.330561111111113,8.751996666666667,123.95127777777778,-0.10899203222222224,255.6954811111111,318.0248192814654,-1.1806521222222222,-1.951350666666667,-8.22836,-6.399388888888889,-5.196727777777777,-651.7045555555555,6239.142222222222,34.898805555555555,5876.291111111112,26043.47611111111,2.9229584444444447,2.1522603333333334,-0.021141999999999994,-2.2957823333333334,-1.093116888888889,0.3050533333333333,6758.248333333333,82.09029444444444,5244.226633333333,0.5629606111111111,0.9791754444444444,0.023094144444444447,12002.474966666667,-300.75187969924815,0.7768183171747521,0.5629606398813378,0.4370393601186622,0.2234616525960632,1.815573475740561e-05,0.03843134659701561,-4000000.0,28.351263069695122,0.0,0.0,28.351263069695122,456.12427225361387,0.1901850196557489,0.9864162915135775,0.13608032718603685,0.1552810755317643,0.8428223269376733,680.9370813046633,202.30889753983737,1.769998047779474,1.2847036801406087,2.8204163201180483,2.740203024770865,2.1424222912987054,44.750337109768324,286.55574777520445,10.367393889184337,205.59107504915974,66341.127656164,1.8440310635608395,1.250589680313063,2.821793719945899,2.739892619690779,2.1528588505353117,1.3725080078309198,285.07409588406597,11.199092603603427,167.9239197155839,0.00965760660971987,0.002802630764587859,0.0030196716372367424,391.9797187645854,0.0,0.030575022465836512,0.00965747977955125,0.00965747977955125,0.013772403702277445,1.1189754738029068e-06,0.002368603355462564,-4000000.0,6.682456790595052,0.0,0.0,6.682456790595052,107.50952199143646,0.044827039026225625,0.2325005496007123,0.032074440713110254,0.03660010049948367,0.19865512757101808,160.49840925063427,47.684664448264485,0.41719254075727225,0.30280756134757925,0.6647785019082268,0.6458720468811225,0.5049737767808451,10.547755610233729,67.541837479943,2.443618174091406,48.458281106231084,15636.753745745325,0.43464228992083703,0.2947668144770945,0.6651031581611196,0.645798883702108,0.507433697383665,0.32350323985669416,67.19260878008237,2.6396514410480307,39.580047451438254,0.0022763197079216477,0.0006605864062673712,0.0007117434305489282,92.39050574201138,0.0,0.007206601906841344,0.0022762898137642174,0.002276289813764218,0.003246186683706365,2.637450485024884e-07,0.0005582851648629298
16,-3998000.0000000047,80.0,-3.9980000000000047,43.2247,80.0,9510.8675,-0.18700935000000002,28.400750000000002,8.818795,123.73474999999999,0.08140389,932.8586399999999,130.25419125,-1.6772325000000001,-3.6854275,-9.25113,-8.38741,-4.526972499999999,-642.34525,6124.3,33.360225,5799.77,13175.76,2.3674475,0.35924925,-1.1617974999999998,-4.3427325,-0.482294925,-1.3627580000000001,6635.95,79.87405,5175.3664499999995,0.56178675,0.9793477500000001,0.02278085,11811.316449999998,-300.60150375939884,0.7804149500173628,0.5617864822947133,0.43821351770528677,0.22937008848378887,1.8635781304821923e-05,0.039447490283457814,-3998000.0000000047,38.49675310984031,0.0,0.0,38.49675310984031,394.45317367844785,0.1494158078926836,0.978931902636746,0.134031118899057,0.13156082243585515,0.11200359313713289,1116.3204035886047,246.68997428379876,2.291574563677051,0.5748759174160977,4.847988407810673,0.5633533661921257,0.5070370244452899,72.14864650786366,266.5874872032317,1.7095828601835383,175.6784515338554,6455.605811468562,2.04416545942144,0.8162142720688709,4.013349720224366,0.6830311258586002,0.3820439562938919,2.4346571726123303,249.99661397706942,3.7550518278713563,176.68503235949723,0.00945193875614943,0.0012630575006705078,0.0007050860633048035,361.5563441344602,0.0,0.030054984967729615,0.0094519097827849,0.009451909782784904,0.012077752211112312,9.812890178835408e-07,0.002077154070712831,-3998000.0000000047,19.248376554920156,0.0,0.0,19.248376554920156,197.22658683922393,0.0747079039463418,0.489465951318373,0.0670155594495285,0.06578041121792758,0.05600179656856644,558.1602017943023,123.34498714189938,1.1457872818385255,0.28743795870804884,2.4239942039053366,0.28167668309606286,0.25351851222264493,36.07432325393183,133.29374360161586,0.8547914300917692,87.8392257669277,3227.802905734281,1.02208272971072,0.40810713603443544,2.006674860112183,0.3415155629293001,0.19102197814694594,1.2173285863061651,124.99830698853471,1.8775259139356781,88.34251617974861,0.004725969378074715,0.0006315287503352539,0.00035254303165240176,180.7781720672301,0.0,0.015027492483864808,0.00472595489139245,0.004725954891392452,0.006038876105556156,4.906445089417704e-07,0.0010385770353564154
17,-3996000.0000000023,78.0,-3.996000000000002,43.2267,78.0,9236.296666666667,-0.19152726666666667,27.677466666666664,8.78033,123.83166666666666,0.11966006666666666,333.37179999999995,274.0833303333333,-4.659236666666667,-2.329003666666667,-7.543076666666667,-4.229486666666666,-4.86073,-588.4683333333334,6052.603333333333,31.489866666666668,5457.826666666667,9696.616666666667,-0.953808,1.3764253333333334,-0.13222233333333336,-0.524058,-1.1553033333333333,0.5592296666666666,6521.34,74.1023,4859.781933333333,0.5730293333333333,0.9804893333333333,0.022535566666666663,11381.121933333334,-300.4511278195491,0.7453401081886257,0.5730293315730671,0.426970668426933,0.23490708820108322,1.908564953523703e-05,0.040399753693178365,-3996000.0000000023,46.57252408878007,0.0,0.0,46.57252408878007,265.02703755151646,0.18593403609563616,0.772927139731382,0.22914565782488536,0.10649100118476644,0.04991998361791932,469.9844735584038,243.20555214857526,0.1158507239223531,1.7243411624415668,1.0203869977774775,2.537425718170551,2.7721315957400003,16.904162988250363,138.7610299519769,2.863050936210063,190.6156408412837,2901.034344924812,0.11178799397520292,1.688681212338591,1.1619468738011791,2.507981409199837,2.8182500683994194,0.8013330547483571,151.78672306891687,1.6391354397974498,162.5496203603486,0.008066595461118284,0.000869565600362244,0.001072056473947772,260.88219404032435,0.0,0.024374749281890946,0.008066283217471014,0.008066283217470969,0.0073330690404120975,5.957946471295822e-07,0.0012611547200062495,-3996000.0000000023,26.888659319497503,0.0,0.0,26.888659319497503,153.0134314728971,0.10734906579132913,0.4462496921878809,0.13229730722883143,0.06148260820029766,0.02882131597974743,271.345662323889,140.4147910013915,0.06688644664238358,0.9955488343103908,0.5891207078444207,1.464983421434447,1.6004909230295559,9.759623051691657,80.11371799580357,1.65298322872449,110.05199155146816,1674.91295997069,0.06454082841375167,0.9749605525191491,0.6708503403731549,1.4479837417241028,1.627117435634086,0.4626498548695091,87.63410542325033,0.9463552874053133,93.84806707171873,0.004657251060920455,0.0005020439334471801,0.0006189520938202271,150.62040495596145,0.0,0.014072768059329374,0.004657070786966651,0.004657070786966624,0.004233749384468036,3.439821999020024e-07,0.0007281280170853752
18,-3995000.0000000047,69.0,-3.9950000000000045,43.2277,69.0,9196.44,-0.04755869833333334,27.3777,8.741996666666667,123.71266666666668,0.05479576666666666,78.98765333333334,333.3267487333333,-3.3539410000000003,-2.0728566666666666,-7.728999999999999,-5.70487,-4.832450000000001,-540.0500000000001,5820.7266666666665,24.62400333333333,5657.7266666666665,8020.956666666666,0.0466096966666667,1.3276933333333334,-0.9278966666666667,-2.30432,-1.4319016666666666,0.473676,6250.896666666667,63.730333333333334,4992.072533333333,0.5558626666666667,0.9825233333333333,0.018894633333333334,11242.9692,-300.37593984962444,0.799130725741214,0.5558624635238264,0.4441375364761737,0.24797265543091318,2.014719620476176e-05,0.04264679401022043,-3995000.0000000047,46.57252408878007,0.0,0.0,46.57252408878007,474.0635518577658,0.05176660491929627,0.9560119716823625,0.06671794086550764,0.09063295942058301,0.0501608288952977,85.03795822610357,288.6536311165335,2.5299084517493906,0.2359764533451026,2.177369011651447,0.6820878910375109,1.498323168178347,77.75929704543373,315.3855244511603,15.267579808602061,188.79768068843782,275.00057896908766,2.9980082599589974,0.29660695479596116,3.0111424145219927,1.139573552343156,1.4424350036165698,0.3062278482225286,274.12313078858045,16.777857485785642,111.17593818850057,0.005670868922249276,0.004347063414919699,0.004876116242803624,382.2353863769812,0.0,0.018314636196209464,0.0056707472900402265,0.005670747290040215,0.013243344365065999,1.0759906444787317e-06,0.0022776147561993447,-3995000.0000000047,26.888659319497503,0.0,0.0,26.888659319497503,273.7007192780712,0.02988746328518871,0.5519537691993169,0.03851962111847837,0.05232696351892603,0.028960368065474886,49.09668807317704,166.65425162769355,1.4606433256426201,0.13624106886120815,1.2571045850021123,0.393803627501491,0.8650572844808216,44.894351081177234,182.08791744038868,8.814741312370495,109.00239176784659,158.7716582951057,1.7309008759200486,0.17124610519496336,1.7384838835925722,0.6579330972066992,0.8327902376265655,0.17680073060463675,158.26506335188992,9.686700535843519,64.18745784053999,0.0032740776987997024,0.0025097782327882625,0.0028152270253825793,220.6837032185507,0.0,0.010573960137991598,0.0032740074744110658,0.003274007474411059,0.007646048434141768,6.212234882353147e-07,0.0013149814926019555
19,-3994000.0,64.0,-3.9939999999999998,43.2287,64.0,9083.773333333333,-0.07240838333333334,27.0642,8.78231,123.80133333333333,-0.09744293666666666,172.9452306666667,167.07661266666665,-4.313016666666667,-4.520806666666666,-9.855946666666666,-6.923833333333334,-3.6505233333333336,-583.217,5747.853333333333,31.605633333333333,5648.080000000001,8729.496666666666,-0.640653,-0.8484406666666667,-2.51124,-3.251473333333333,0.021837333333333337,0.957553,6212.41,73.83776666666667,5012.362066666667,0.5533133333333333,0.9795929999999999,0.021742833333333333,11224.772066666666,-300.30075187969925,0.807794958928182,0.5533132371404011,0.4466867628595989,0.24983201030791288,2.0298264424183356e-05,0.04296656928662545,-3994000.0,46.57252408878007,0.0,0.0,46.57252408878007,108.1844130793946,0.11482486866720482,0.5682425274475685,0.03240546404543406,0.13382949351070633,0.10189230857167303,204.23666511420427,288.3066554310101,0.9508291868329102,1.3787253032179156,3.8309145329194356,2.042196384100543,1.7448172545379455,44.01468915032793,226.33419899196227,10.197737078554892,53.97062534379204,1570.7112751977475,1.223628305813902,1.1417602629016887,3.6492785659497136,1.8301806815812838,1.5758449470304283,0.6822596421443965,246.56992578171375,11.962115451011723,43.08509445102048,0.01122192917164123,0.0035148125127807623,0.0033031250798801638,225.07714189995627,0.0,0.037011235643449866,0.011221768065091963,0.011221768065091915,0.011912203205188356,9.67838549733911e-07,0.002048682647757072,-3994000.0,26.888659319497503,0.0,0.0,26.888659319497503,62.46030001351015,0.06629416883467412,0.328074976186847,0.018709303389846096,0.07726649410391757,0.05882755178220783,117.91609358207728,166.45392512225436,0.5489614869713337,0.7960074249514121,2.2117795368234856,1.179062632098529,1.0073707115941866,25.41189262923953,130.67411071482775,5.887666247428695,31.159955070570774,906.8505775545998,0.706462131749702,0.6591955951363079,2.1069119623989985,1.0566553091766069,0.9098145043691293,0.393902788049285,142.35721302413847,6.906330575718999,24.875190879357124,0.006478983828073977,0.002029277950405038,0.0019070601540358166,129.94834846437135,0.0,0.02136844686178645,0.00647889081316439,0.006478890813164362,0.00687751372715702,5.587818472209704e-07,0.0011828074781666607
20,-3992000.0000000047,70.0,-3.9920000000000044,43.23069999999999,70.0,8740.003333333334,-0.15052506666666668,27.175166666666666,8.572383333333333,123.83866666666665,0.2038901,75.04273333333333,453.7703333333333,-3.1010722333333334,-1.4908833333333333,-7.165693333333334,-2.9226566666666667,-4.4313666666666665,-644.0913333333334,5652.02,26.28503333333333,5472.053333333333,9037.199999999999,0.954598,2.5647876666666667,0.9456470000000001,1.1330099999999999,-0.37569366666666665,0.5126476000000001,6165.06,72.92523333333334,4907.779266666666,0.5567676666666667,0.9797076666666666,0.021961400000000002,11072.839266666668,-300.15037593985,0.796138303777484,0.5567678368769594,0.44323216312304053,0.2521195675595828,2.0484123081457206e-05,0.04335998759611213,-3992000.0000000047,46.57252408878007,0.0,0.0,46.57252408878007,416.8582403327703,0.21514906865395292,0.4882118836461626,0.15931748564841622,0.027061657993057528,0.37673863269023794,118.88424137976965,80.03662706744542,2.632209274414738,3.0709597005225144,2.0740995024427664,0.6804272092100179,0.9776886322512568,89.78553794644952,207.71955228143574,5.4012160865247125,162.82835819762298,2560.4696341687013,3.1874912835287885,3.5916618917384655,1.4889050679163531,0.14026782988269262,1.3020154263334722,0.4248686986826401,170.8534486043519,1.1015935744789607,132.21375581751414,0.0038560552814156323,0.0007220431658379537,0.0006083042659722188,291.00419830540767,0.0,0.01246344493892447,0.0038558747005111244,0.003855874700511181,0.008254214262464558,6.706355342811114e-07,0.0014195749719090448,-3992000.0000000047,26.888659319497503,0.0,0.0,26.888659319497503,240.67321727003866,0.12421637270325699,0.28186926244468624,0.09198199322572745,0.015624055527009352,0.2175101509978404,68.63784876301446,46.2091681824193,1.5197067331467786,1.7730194097671663,1.1974819060614001,0.3928448324013496,0.5644687950139002,51.83770450271799,119.92693942563547,3.1183935615063794,94.00899643710244,1478.2878325391623,1.8402989505849316,2.0736469600333236,0.8596197417593046,0.08098366934141722,0.7517189568826754,0.24529805755466827,98.64228454369847,0.63600534676299,76.33364751181323,0.0022262945547353932,0.0004168718161630722,0.0003512046317082582,168.01135222693836,0.0,0.007195773290518122,0.002226190296301565,0.002226190296301598,0.00476557282638276,3.871916062453282e-07,0.0008195919921665424
21,-3990000.000000002,79.0,-3.990000000000002,43.2327,79.0,8531.29,-0.3308086333333333,27.235633333333336,8.61209,123.91233333333334,-0.061815,450.4536666666666,323.34233333333333,-4.072836666666666,-3.9345433333333335,-9.282783333333333,-3.3904316666666663,-4.223683333333333,-638.991,5633.829999999999,29.176333333333332,5411.610000000001,17381.123333333333,-0.04928000000000004,0.08900900000000005,-1.2356616666666667,0.6331199999999999,-0.20013266666666665,1.726947,6142.81,75.44723333333333,4854.881066666666,0.5585023333333333,0.9789530000000001,0.022948233333333335,10997.691066666666,-300.00000000000017,0.7911592570966199,0.5585024334649674,0.44149756653503247,0.25319450206538335,2.057145898693435e-05,0.04354485681229119,-3990000.000000002,46.57252408878007,0.0,0.0,46.57252408878007,87.75368938113101,0.225769622788371,0.40833359319719625,0.2350646991787576,0.10658955546080981,0.36752258464072646,1306.5232641596297,185.3588002937366,1.55730459478335,1.2144021393810758,1.6529229477605227,3.420742872046704,1.4989149063350238,22.11302937184324,182.3571416205024,1.082740270486569,141.77836365256866,10334.639903626703,1.4236348437713937,1.3049596952676354,1.3744359039105218,3.452197020333573,1.6359511694244828,1.5234524665170885,182.89355346758393,1.836421962222554,117.64026405229312,0.013173642219725433,0.00048262511331255995,0.0009404180152109678,73.83029201007926,0.0,0.041766299633989576,0.013173773892722666,0.0131737738927227,0.008835891753293556,7.178954650797742e-07,0.0015196129381463209,-3990000.000000002,26.888659319497503,0.0,0.0,26.888659319497503,50.6646161865788,0.13034815249170628,0.2357515099515684,0.1357146673478341,0.06153950853810109,0.21218926317559045,754.3215582650707,107.01695324625491,0.8991102270084083,0.7011354020761215,0.9543155088392475,1.974966818004658,0.8653989246648687,12.766963460431796,105.28394480324778,0.6251203866278688,81.85577642007516,5966.707130336725,0.821935960279145,0.7534188313443814,0.7935309391066263,1.9931268789852126,0.9445168480483083,0.8795656916412403,105.5936423275568,1.0602587142349322,67.9196381181301,0.007605805881766297,0.0002786437390886801,0.0005429505942328259,42.62593896636793,0.0,0.02411378433673845,0.007605881903206696,0.007605881903206714,0.005101404482294429,4.1447714001381923e-07,0.0008773489389028165
22,-3989000.000000004,52.0,-3.9890000000000043,43.2337,52.0,8828.91,-0.08445036666666667,27.000100000000003,8.648523333333333,123.771,0.008946396666666667,362.19352000000003,166.66667051730266,-1.7483506666666668,-3.5289099999999998,-8.55853,-7.034110000000001,-6.4440333333333335,-614.0396666666667,5732.350000000001,30.037733333333335,5502.77,7932.656666666667,2.1180963333333334,0.3375346666666667,-0.8256433333333332,-3.167666666666667,-2.577588,0.6167303333333334,6221.453333333334,74.50186666666667,4913.3333999999995,0.5589553333333334,0.9795536666666665,0.022275866666666668,11134.786733333332,-299.92481203007554,0.7892008429363448,0.5589557465900515,0.44104425340994835,0.2493951118338699,2.0262767448668824e-05,0.042891430682356714,-3989000.000000004,46.57252408878007,0.0,0.0,46.57252408878007,836.6507020854045,0.1162513856296919,1.1810818303572375,0.2995500225894392,0.16784814565553105,0.01764261712177741,629.6223971475406,288.67513126006435,1.037364210796446,0.3332195656020214,2.6268862333378658,2.282480154108683,1.5773245519021548,27.233503269563656,384.52727042434844,14.342828310460016,487.024195805506,828.6987998261692,1.1837826705820342,0.18831424088829113,2.8448505390851966,2.426966660511292,1.5966998474453487,0.18900959744503273,401.89227963887714,14.721172542067881,410.4857897552604,0.0062631647218744655,0.002967858543349641,0.0026564788241831214,805.9750171279092,0.0,0.020139999381729935,0.0062631969657294525,0.0062631969657294725,0.01941608444937828,1.5775112874848153e-06,0.0033392139651800255,-3989000.000000004,26.888659319497503,0.0,0.0,26.888659319497503,483.04050806669767,0.06711776878696961,0.681897912691727,0.17294528617777122,0.09690717207720037,0.010185969744467687,363.51266048095,166.6666647413487,0.5989225063510117,0.19238440589957723,1.5166334739481389,1.3177905313946268,0.9106687546401149,15.72327044365913,222.0069230902496,8.280835785984676,281.1835505501699,478.4494751567586,0.6834572435225515,0.10872327766909493,1.6424752245450902,1.4012098547604415,0.9218550867376065,0.10912474196431245,232.03261583473807,8.499272929949818,236.9940812137157,0.0036160398381531902,0.0017134939289196458,0.0015337187642386657,465.32989309891155,0.0,0.011627834064520675,0.003616058454151547,0.003616058454151558,0.011209881583457058,9.107765664790313e-07,0.0019278960816784454
23,-3988000.0000000065,78.0,-3.9880000000000067,43.2347,78.0,9007.33,-0.07488008025000001,27.4096,8.57311,123.85775,-0.0001752374999999997,159.3910025,131.652175150002,-2.4492979999999998,-3.155875,-9.58202,-5.5035425,-3.9273275,-621.5045,5837.0525,33.555575000000005,5530.2125,7854.875,1.46415,0.7575709999999999,-1.755125,-1.5900969999999999,-0.013880249999999983,-51.323927000000005,6332.1075,78.560225,4940.715249999999,0.5616375,0.9787385,0.0234394,11272.82275,-299.8496240601509,0.7806744714063171,0.5616374936083397,0.4383625063916602,0.24404922500417986,1.9828426691785556e-05,0.04197203521904822,-3988000.0000000065,38.23610858861032,0.0,0.0,38.23610858861032,326.5275366642141,0.06202481518246838,0.5201421408294724,0.10976616691859105,0.16712944085348921,0.038558221368673436,248.68391521911994,245.8844306636853,1.9942732374550214,1.7860072385911543,2.207606318224938,0.85306176163179,1.5304279213643703,68.33870193138488,195.96528338373295,4.297244952582993,90.84971193313316,521.1138003993631,1.8507033619680922,1.852013435333916,2.1478224208175747,0.7854034518869903,1.2986176663130105,102.3750322743025,204.43745080504857,7.776636043249464,82.40501195766792,0.0062554759744296255,0.0021844006805834494,0.0020648671498831755,264.31429083525404,0.0,0.019939747882604664,0.0062554346830036404,0.006255434683003621,0.009876713265089748,8.024597698651314e-07,0.001698615338785391,-3988000.0000000065,19.11805429430516,0.0,0.0,19.11805429430516,163.26376833210705,0.03101240759123419,0.2600710704147362,0.054883083459295524,0.08356472042674461,0.019279110684336718,124.34195760955997,122.94221533184265,0.9971366187275107,0.8930036192955771,1.103803159112469,0.426530880815895,0.7652139606821852,34.16935096569244,97.98264169186648,2.1486224762914965,45.42485596656658,260.55690019968154,0.9253516809840461,0.926006717666958,1.0739112104087873,0.3927017259434952,0.6493088331565052,51.18751613715125,102.21872540252429,3.888318021624732,41.20250597883396,0.0031277379872148127,0.0010922003402917247,0.0010324335749415877,132.15714541762702,0.0,0.009969873941302332,0.0031277173415018202,0.0031277173415018107,0.004938356632544874,4.012298849325657e-07,0.0008493076693926955
24,-3986000.000000004,63.0,-3.986000000000004,43.236700000000006,63.0,8814.876666666667,-0.14437962000000001,27.7744,8.524790000000001,123.91699999999999,-0.051096033333333325,-79.79146666666666,161.89500000003656,-1.6193866666666665,-4.9542,-9.068173333333332,-3.9179866666666663,-3.3554033333333333,-613.6463333333332,5762.416666666667,23.8408,5520.55,7848.863333333334,2.2445831999999997,-1.090229,-1.340237,-0.05401370000000005,0.5085646666666667,2.14305,6251.206666666666,68.27643333333333,4927.661533333333,0.559193,0.9812333333333333,0.020511066666666664,11178.868199999999,-299.6992481203011,0.7883072422268338,0.559192672378971,0.4408073276210291,0.24795767881532674,2.0145979389898934e-05,0.04264421830428716,-3986000.000000004,46.57252408878007,0.0,0.0,46.57252408878007,593.5177309342442,0.25795455285626034,1.3537616740032177,0.06708243510785819,0.09913626985115359,0.01590079549026819,35.9446473386975,280.41036549133173,2.481957326795393,0.6287363176244871,2.925976101856154,1.5765827845163516,1.0870546739853215,81.85854274498986,234.9233869441976,5.4211364426658735,209.49805178091745,447.48145909448994,2.70122377821289,1.0024201971992583,2.3634040548736053,1.6031809004775692,1.3341021030330975,1.7809006849344517,191.07111355025177,0.6393807968130798,145.95075958203623,0.001975753274070436,0.0005982694487715208,0.0005819279193622978,334.0638408107652,0.0,0.006306135416872213,0.0019756515923195295,0.0019756515923195278,0.00923096328165836,7.49994099435439e-07,0.0015875580672582341,-3986000.000000004,26.888659319497503,0.0,0.0,26.888659319497503,342.6676217237018,0.14893013053025145,0.7815946669043562,0.038730061967417524,0.057236352085018906,0.009180328556635527,20.75265181692317,161.89499999998174,1.432958730742484,0.3630010822297917,1.6893130900490623,0.9102404950402454,0.6276113086492662,47.26105168929038,135.6330806911711,3.129894584486832,120.95375659041484,258.35354086557027,1.5595522754926299,0.5787475706941095,1.3645119672851291,0.9255969244503912,0.7702442083126048,1.0282034898468946,110.3149588425994,0.36914667515470906,84.26471033311897,0.0011407016846368505,0.0003454110272961666,0.00033597624089278145,192.8718484186156,0.0,0.003640848980477405,0.0011406429786505932,0.001140642978650592,0.0053294991355450055,4.330092951996817e-07,0.0009165770774857035
25,-3984000.000000002,53.0,-3.9840000000000018,43.2387,53.0,9436.84,-0.12290190000000001,28.554233333333332,8.699620000000001,123.66466666666668,0.24029483333333335,143.69183333333334,166.66772205333334,-2.3269956666666665,-2.7699409999999998,-11.202333333333334,-5.246813333333333,-3.1815933333333333,-599.781,6209.383333333334,24.4567,5640.106666666667,9920.62,1.4496699,1.0067183333333334,-3.6489999999999996,-1.4701533333333334,0.595067,-0.21373699999999976,6687.13,67.8883,5016.642466666666,0.5710173333333334,0.9825393333333334,0.020007266666666666,11703.772466666667,-299.54887218045127,0.7517016731767002,0.5710173982851852,0.42898260171481484,0.22689749756213173,1.8434889096178303e-05,0.03902224954260188,-3984000.000000002,46.57252408878007,0.0,0.0,46.57252408878007,982.8761395008019,0.06365038502185198,1.6902796819855976,0.16780843810726512,0.068134670567443,0.25050028044511913,133.1192117033576,288.6742206032994,2.70885204636509,2.0345475724674023,1.3620721065102728,0.3296752554155883,0.24171740304192696,38.424140706071725,583.3319394935731,8.18391604856746,342.4188374393754,2276.5579682494363,2.8052021058777616,2.1213773408595498,1.53663057372291,0.5402244520875867,0.24987477703641878,4.667066799421988,553.4071820097748,5.902017388147891,262.242685854941,0.011140739173561768,0.0007589481756571971,0.000700250279066943,788.5291117355226,0.0,0.03394840867826382,0.011140826625153892,0.011140826625153944,0.026736021379781785,2.172238981500288e-06,0.004598110200719578,-3984000.000000002,26.888659319497503,0.0,0.0,26.888659319497503,567.4638037208481,0.036748566926389566,0.9758834294001397,0.09688424691352017,0.039337570393259684,0.14462640434706628,76.85641271124429,166.66613897342032,1.563956458163753,1.1746465886431543,0.7863926973493865,0.19033809745934852,0.1395556077140738,22.18418798003057,336.78685229352095,4.7249861336657215,197.69560797122207,1314.3713557945994,1.6195841909598307,1.2247777787980334,0.8871740753839311,0.31189873283558633,0.1442652697856741,2.69453227297225,319.5097855048157,3.4075313278090364,151.40588527136066,0.006432108760827296,0.00043817893351665813,0.0004042896871194101,455.25749492436046,0.0,0.019600122888955043,0.006432159251027548,0.00643215925102758,0.015436049140676604,1.2541427607133899e-06,0.0026547201621490127
26,-3983000.000000004,83.0,-3.983000000000004,43.2397,83.0,9939.6,-0.29353815333333333,29.8536,8.79449,123.84733333333334,0.23732676666666666,113.20540000000001,470.56166666666667,-4.166056666666667,-4.645683333333333,-10.190473333333333,-4.751593333333333,-4.423503333333334,-580.2503333333334,6379.796666666666,35.220866666666666,5956.7699999999995,12137.019999999999,-0.5123753333333332,-0.9920029999999999,-2.88313,-1.0979133333333333,-0.7698226666666667,0.24799966666666662,6841.990000000001,77.23816666666666,5263.5472,0.5651166666666666,0.9806383333333333,0.021680099999999997,12105.537199999999,-299.47368421052664,0.7698346936022856,0.5651168231193573,0.43488317688064276,0.21941595340176004,1.7827031194057344e-05,0.037735559797995616,-3983000.000000004,46.57252408878007,0.0,0.0,46.57252408878007,415.8649770057582,0.24906679854334365,0.9877920277062371,0.15093292119348956,0.1638576618084545,0.2580818544021709,543.9158567906254,29.77605874412082,1.5791958684195366,2.434187401420304,2.3244236351046963,1.6760514005344027,2.40229862894548,48.98576367000247,245.8400783707438,6.6411156309262775,180.32915432619296,3553.5663743906625,1.8307440339341088,2.7269225331528943,2.9410561589333852,1.9546176395994521,2.6974190158782028,1.8301094675456802,245.3361752779235,4.84364723357651,117.3827456651105,0.008873931785478954,0.0005877561852785998,0.0011494273530763027,299.8674844725244,0.0,0.027614023560167615,0.008873905289822747,0.008873905289822688,0.011852598666398591,9.629958208628384e-07,0.0020384317493932027,-3983000.000000004,26.888659319497503,0.0,0.0,26.888659319497503,240.099756420812,0.14379878318519773,0.5703019930995622,0.08714116268063778,0.09460326515389388,0.14900362811205117,314.0299663345735,17.191215531324268,0.9117491597351642,1.4053787514680083,1.3420066114384248,0.9676687272741866,1.386967760095542,28.281943841335316,141.93583542494764,3.834249897234718,104.11308579296507,2051.6525028376514,1.056980560809159,1.57438945857508,1.6980195650619967,1.1284990203855345,1.557355594934496,1.0566141937339812,141.64490683866234,2.796481034164984,67.77095980796894,0.005123366905116651,0.00033934119178846716,0.0006636221917125224,173.12857288142789,0.0,0.01594296393587144,0.0051233516078424066,0.005123351607842374,0.006843101030641826,5.559858964036444e-07,0.0011768891192368452
27,-3982000.0000000065,70.5,-3.9820000000000064,43.2407,70.5,9777.255000000001,-0.22309267500000002,29.499975,8.6667375,123.92925,-0.03593791,532.14145,438.6415,-3.91484,-5.3254874999999995,-10.9447775,-4.128895,-3.8662650000000003,-577.7012500000001,6331.8675,33.933075,5758.67,11690.919999999998,-0.27720849999999997,-1.6878525,-3.66954,-0.49126050000000004,-0.22863500000000003,0.85712525,6792.0275,75.765825,5099.43855,0.57110375,0.98088975,0.021922775,11891.466049999999,-299.398496240602,0.751132070760415,0.571103965809635,0.42889603419036504,0.221829724873493,1.8023144460457438e-05,0.0381506846615168,-3982000.0000000065,39.585350825778974,0.0,0.0,39.585350825778974,279.91722615801945,0.21612454317695892,0.6842684968879791,0.13839736326365937,0.286845341604147,0.14006948835667388,780.6731389772183,88.56752213424512,2.14790750038264,3.741629708272185,2.186033778335779,1.8501660077139024,1.9231603605957222,29.15932871169478,202.42134544475968,9.929270665520534,111.84806688837611,6418.265511538144,2.2037937078015415,3.899986226226746,2.059656445737169,1.7318497853107815,2.0330148564385846,0.6400686333643577,218.09759151581673,11.933698009802601,104.6624123480663,0.005842192132809967,0.0026793553173602813,0.0032203474795690396,298.9849835925708,0.0,0.017908237474555867,0.005842437700163705,0.005842437700163722,0.01053665738212772,8.560786803334537e-07,0.0018121137435537207,-3982000.0000000065,19.792675412889487,0.0,0.0,19.792675412889487,139.95861307900972,0.10806227158847946,0.34213424844398954,0.06919868163182968,0.1434226708020735,0.07003474417833694,390.33656948860914,44.28376106712256,1.07395375019132,1.8708148541360925,1.0930168891678895,0.9250830038569512,0.9615801802978611,14.57966435584739,101.21067272237984,4.964635332760267,55.924033444188055,3209.132755769072,1.1018968539007707,1.949993113113373,1.0298282228685844,0.8659248926553907,1.0165074282192923,0.32003431668217885,109.04879575790837,5.9668490049013005,52.33120617403315,0.0029210960664049837,0.0013396776586801407,0.0016101737397845198,149.4924917962854,0.0,0.008954118737277934,0.0029212188500818523,0.002921218850081861,0.00526832869106386,4.2803934016672684e-07,0.0009060568717768604
28,-3980000.000000004,47.0,-3.980000000000004,43.24269999999999,47.0,10225.74,-0.09926113333333335,30.008499999999998,8.759253333333334,123.85633333333332,0.09542276666666666,84.8017,324.5586666861288,-3.4511756666666664,-0.9958179999999999,-8.518479999999998,-4.61091,-4.5555433333333335,-597.7993333333334,6553.246666666666,32.793,6003.97,9309.316666666668,0.3130133333333335,2.7683673333333334,-0.9901133333333334,-0.846728,-0.7913609999999999,1.1460596666666667,7029.413333333333,76.0811,5313.7148,0.5696063333333333,0.9814189999999999,0.021175433333333337,12343.128133333332,-299.2481203007522,0.7557948702243462,0.5696063350898672,0.4303936649101328,0.21036122044930358,1.709135539521634e-05,0.036178310147343906,-3980000.000000004,46.57252408878007,0.0,0.0,46.57252408878007,281.3340057653898,0.11430661745434222,0.18159551205907948,0.11381104618328354,0.08305018563093809,0.15029332617798877,150.75112957351266,281.38405126514107,2.9151927120889165,2.1778733764957505,1.2141115480465543,1.4630381888043795,0.3589018194901402,11.193840553328139,73.73763240932946,5.200554131051809,247.66107667536298,1212.2823354455568,2.856957487263913,2.1079018508083656,1.1140142100679566,1.4051420501045437,0.42813098770469765,0.5427272976756682,82.47664659364673,5.7038639175562365,209.94935586926607,0.0073970978318076315,0.001204731920387312,0.001471390445576339,284.06145066033434,0.0,0.022686828569308547,0.0073974343578092315,0.007397434357809173,0.003984583970616947,3.237380948752799e-07,0.0006852760902851681,-3980000.000000004,26.888659319497503,0.0,0.0,26.888659319497503,162.4282639608435,0.06599495635742006,0.10484421777093747,0.06570883815067169,0.047949047030270496,0.08677189232626606,87.03620523990769,162.45715774359664,1.683087297064171,1.2573957801807407,0.7009676290909114,0.844685492140911,0.20721206209527893,6.4627668567297505,42.572441920932036,3.002541327497982,142.98718928631337,699.9115327033204,1.649465174335137,1.2169977009895203,0.643176404063803,0.8112591408775209,0.24718154099972753,0.3133437514096052,47.61791411269957,3.2931273682220867,121.2143171273093,0.004270716424416133,0.0006955522985369494,0.0008495076698365427,164.00295500513963,0.0,0.013098246581549183,0.004270910717793746,0.004270910717793713,0.002300500628044362,1.8691027622317946e-07,0.0003956443351953561
29,-3978000.0000000014,69.0,-3.9780000000000015,43.2447,69.0,10261.625,-0.1907209,30.267475,8.809212500000001,123.9245,-0.017195137500000002,248.18365,274.2943511314275,-3.1456257499999998,-3.0575324999999998,-8.380015,-5.5735375000000005,-6.354095,-638.678,6504.9775,38.690675,6108.15,10440.08,0.8759555,0.9640500000000001,-0.33683785000000005,-1.5519517500000002,-2.3325115,2.65308025,7013.71,84.938925,5425.84365,0.56381875,0.979249,0.023092175,12439.55365,-299.09774436090237,0.7736824099216129,0.563818759334893,0.43618124066510705,0.21111987460013898,1.7152994264235492e-05,0.0363087848855341,-3978000.0000000014,40.52159917870962,0.0,0.0,40.52159917870962,248.70545329767117,0.20886835394798323,0.4788278631199287,0.09415459817944806,0.1902813706067926,0.1512224863508586,435.8358539712973,263.6246592033939,2.3699034960054632,1.7057268288010443,1.61817143575704,2.115094997431164,2.1860593160982615,59.25636715718123,112.55417491886635,7.9403736790216595,128.0653492037042,3176.9203216112714,2.3073177775823743,1.9540854746061307,1.9339049553321443,2.4050103760896575,2.360625674859457,3.3366413777160586,93.5424142657583,5.6027155019537895,69.00459803952677,0.0038796067133151746,0.0012728995770811557,0.001307637078537722,130.39337836944216,0.0,0.01217101418594862,0.003879852349036244,0.0038798523490362587,0.004519189611242791,3.671735483334197e-07,0.00077721855302507,-3978000.0000000014,20.26079958935481,0.0,0.0,20.26079958935481,124.35272664883558,0.10443417697399161,0.23941393155996435,0.04707729908972403,0.0951406853033963,0.0756112431754293,217.91792698564865,131.81232960169694,1.1849517480027316,0.8528634144005222,0.80908571787852,1.057547498715582,1.0930296580491308,29.628183578590615,56.277087459433176,3.9701868395108297,64.0326746018521,1588.4601608056357,1.1536588887911872,0.9770427373030653,0.9669524776660722,1.2025051880448288,1.1803128374297285,1.6683206888580293,46.77120713287915,2.8013577509768948,34.502299019763385,0.0019398033566575873,0.0006364497885405779,0.000653818539268861,65.19668918472108,0.0,0.00608550709297431,0.001939926174518122,0.0019399261745181294,0.0022595948056213953,1.8358677416670984e-07,0.000388609276512535
30,-3977000.0000000037,74.0,-3.977000000000004,43.2457,74.0,9855.19,-0.19910380000000003,29.9532,8.601603333333333,123.97066666666666,-0.014174780000000003,477.12573333333336,135.48417666666666,-1.6204983333333336,-3.1146239999999996,-8.543063333333334,-4.063326666666667,-2.1106303333333334,-639.7706666666667,6462.583333333333,37.57863333333333,5906.94,9941.493333333334,2.407963133333334,0.9138403333333333,-0.4861233333333333,-0.03486333333333332,1.91784,0.8578866666666666,6972.186666666667,83.90596666666666,5261.5628,0.5697336666666667,0.9793923333333333,0.023460666666666668,12233.749466666666,-299.02255639097774,0.7554801969379086,0.5697337709621098,0.43026622903789025,0.21312593589433482,1.731598203570049e-05,0.03665379100178018,-3977000.0000000037,46.57252408878007,0.0,0.0,46.57252408878007,425.1376839330999,0.23526700973345158,0.859270667484932,0.20770369696597457,0.14372659229709078,0.09354808215894754,970.6660858298355,191.3607191712699,2.163925368227457,1.8810606844511955,2.4815818270275383,2.843825455901493,3.152806495117696,60.815706131996386,332.05276724239695,13.313510885688016,172.39267298815184,2288.5937509818855,2.1970058026685897,1.5803396883494172,2.9233412794665856,2.826486712976612,3.185283623855182,0.2494671651907989,379.61698069677175,13.679353332059716,164.13295768942876,0.008757501717575262,0.0029721561757978096,0.0030860742413839196,517.7120382792075,0.0,0.026779538442502034,0.008757843146604626,0.008757843146604506,0.018339927709607934,1.4900760783664823e-06,0.0031541345469516587,-3977000.0000000037,26.888659319497503,0.0,0.0,26.888659319497503,245.45335626142926,0.13583147140104657,0.49610015117917483,0.11991778535498587,0.08298058675243296,0.05401001041664159,560.4143259470959,110.48216272585306,1.2493428938523823,1.0860308925299194,1.4327419358504325,1.6418833924930372,1.8202736786590026,35.111964306265286,191.71075455255803,7.686559093710989,99.5309561560286,1321.3202181950871,1.26844189158188,0.9124095444795853,1.6877918746331781,1.6318728645979474,1.839024357678096,0.14402993497688057,219.17196599423414,7.897778328604681,94.76220730488114,0.0050561459740706876,0.001715975168170474,0.001781745794002176,298.9011846632103,0.0,0.01546117372855248,0.0050563430982127,0.00505634309821263,0.010588562200060417,8.602958249579104e-07,0.0018210404297428384
31,-3976000.000000006,37.0,-3.976000000000006,43.2467,37.0,10172.8,-0.23679765,30.628500000000003,8.79798,123.8755,0.073360425,94.975385,304.4215,-3.1861800000000002,-2.764725,-10.655555,-5.629345000000001,-2.693235,-590.684,6632.014999999999,30.9881,6010.635,9205.54,0.5331995,0.9546539999999999,-3.2167995,-1.9099705,1.026145,0.671796345,7102.514999999999,73.76095000000001,5314.530699999999,0.571912,0.982136,0.020534049999999998,12417.045699999999,-298.9473684210531,0.7487324907748893,0.5719118942003818,0.42808810579961826,0.20682955735125733,1.6804416058127705e-05,0.03557092822293718,-3976000.000000006,29.698484809834994,0.0,0.0,29.698484809834994,168.85709934734768,0.29836137286928577,0.10719738802788073,0.03337544007200514,0.05444722215136288,0.09768195813947042,129.992551967551,276.58976720858635,1.7014686211623185,0.5723675840314509,4.645613770649686,1.8873882071396975,1.092529474407899,41.705157954382585,213.39775549428782,4.02640743343244,43.56484878890264,614.999051869187,1.9640746446661592,0.3097636818479532,4.12041091603016,1.6247892547036678,0.8299241580108387,0.9588985327820237,246.61763207443153,1.0064250816628064,8.482877211182817,0.008892574880202004,0.0008485281374239206,0.00024232549391262957,238.1347548632484,0.0,0.027192270786232372,0.00889306007351235,0.008893060073512272,0.011914507975533886,9.680258069146566e-07,0.0020490790264061486,-3976000.000000006,21.0,0.0,0.0,21.0,119.40000000000009,0.21097334999999998,0.07580000000000009,0.023600000000000065,0.03849999999999909,0.06907157500000001,91.918615,195.5785,1.2031200000000002,0.404725,3.284945,1.3345850000000004,0.772535,29.49000000000001,150.89499999999975,2.847100000000001,30.80499999999961,434.86999999999944,1.3888105,0.21903599999999998,2.9135705,1.1488995,0.5868449999999998,0.678043655,174.38499999999954,0.7116499999999952,5.998300000000199,0.006287999999999988,0.0006000000000000449,0.0001713499999999998,168.3866999999991,0.0,0.019227839068805763,0.006288343083479919,0.006288343083479864,0.008424829384001215,6.844976124329331e-07,0.0014489176747589164
32,-3974000.0000000037,85.0,-3.9740000000000038,43.2487,85.0,10553.3475,-0.22675975,30.739075,8.8972875,123.91,-0.10041345,236.381575,365.728188,-3.66639,-3.595225,-8.596955,-5.6676575,-4.7783675,-578.25025,6678.2725,38.983000000000004,6211.4325,11623.405,-0.025303250000000017,0.045859250000000004,-1.31477075,-2.02657,-1.1372795,-0.034915177500000005,7138.87,80.8555,5471.0646,0.5661214999999999,0.9806165,0.02186685,12609.9346,-298.7969924812033,0.7670075842328035,0.5661215376882343,0.4338784623117658,0.205073186836274,1.6661715076391893e-05,0.035268864386793816,-3974000.0000000037,38.07886552931954,0.0,0.0,38.07886552931954,677.6413154157096,0.1379864100805462,1.0982560672114068,0.15028640022193168,0.23565228621849058,0.170187642406776,468.2920133398845,244.42223604257185,1.1588159378146874,0.6852756211189772,2.0935277477899983,1.675961378082741,0.8407159204461794,70.69486516183478,301.7609905620669,11.820656671832293,344.2325337495957,5118.308043468402,1.3532170059610726,0.5768906615598113,2.972842777079808,1.4516011128176134,0.8508827090300598,1.3034983974353809,289.5763782953761,11.990099357108486,237.08967284119902,0.012047471671129444,0.0022310115045273663,0.0034342211562448915,431.2019985265375,0.0,0.037749595042127354,0.01204779749522911,0.012047797495229015,0.013989916453683091,1.136647874302033e-06,0.0024060115990758514,-3974000.0000000037,19.03943276465977,0.0,0.0,19.03943276465977,338.8206577078548,0.0689932050402731,0.5491280336057034,0.07514320011096584,0.11782614310924529,0.085093821203388,234.14600666994224,122.21111802128593,0.5794079689073437,0.3426378105594886,1.0467638738949991,0.8379806890413705,0.4203579602230897,35.34743258091739,150.88049528103346,5.910328335916146,172.11626687479784,2559.154021734201,0.6766085029805363,0.28844533077990564,1.486421388539904,0.7258005564088067,0.4254413545150299,0.6517491987176904,144.78818914768806,5.995049678554243,118.54483642059951,0.006023735835564722,0.0011155057522636831,0.0017171105781224457,215.60099926326876,0.0,0.018874797521063677,0.006023898747614555,0.006023898747614507,0.0069949582268415455,5.683239371510165e-07,0.0012030057995379257
33,-3972000.0000000014,48.0,-3.9720000000000013,43.2507,48.0,10476.133333333333,-0.0641732,31.0942,8.562243333333333,123.82266666666665,0.028376166666666664,-189.25641000000005,493.911,-2.18437,-3.3486366666666663,-10.973413333333333,-5.360636666666667,-4.0563,-586.0483333333333,6810.943333333334,29.24693333333333,6016.266666666666,9089.726666666667,1.5058233333333335,0.34155833333333335,-3.593018666666667,-1.6704433333333333,-0.3661033333333333,0.605559,7277.753333333333,71.68416666666667,5316.125599999999,0.5778386666666667,0.9830836666666666,0.019941966666666668,12593.878933333333,-298.6466165413535,0.7306182275664396,0.5778387878125594,0.4221612121874407,0.19836350201467412,1.6116568933814302e-05,0.03411492043292106,-3972000.0000000014,46.57252408878007,0.0,0.0,46.57252408878007,246.96862823713718,0.0695390567391448,0.43305852953151663,0.10208727850879974,0.21472385366635735,0.03808690340160688,306.4469173680367,10.546457367286884,2.7773883612487476,0.3195705597099541,3.3567753327461958,2.7005403419007337,1.4945749780121438,27.959282489601428,193.01251367031483,8.341986335599772,106.31411304870716,758.3065878873351,2.7038020702398566,0.28646927494293933,3.006882077981332,2.5265485217848744,1.3208420297799934,0.4272562935674558,200.67216905523622,9.968814052500598,87.54906830275279,0.0030348674325797937,0.001923495342685611,0.0024996064976978553,285.85680792315065,0.0,0.009062973119692116,0.003035226368042792,0.0030352263680427593,0.009694806241407313,7.876802511686638e-07,0.0016673306338064679,-3972000.0000000014,26.888659319497503,0.0,0.0,26.888659319497503,142.58740399410377,0.040148393127537915,0.25002645859988465,0.05894011772789182,0.12397087471570523,0.021989483931517003,176.927210234767,6.088999999999994,1.603525918011098,0.1845041486736214,1.9380351419701116,1.5591576933538327,0.8628932658793902,16.142299271720177,111.43582672452258,4.816248056434708,61.38048178732738,437.80851264501956,1.5610408530884488,0.1653931130028629,1.7360241771439835,1.4587034691731482,0.762588501450451,0.2466765361041324,115.85813082290673,5.755497476712544,50.54647815189526,0.0017521815291547723,0.001110530553884529,0.0014431484843139943,165.03950500411818,0.0,0.005232509970312585,0.001752388760640956,0.001752388760640937,0.005597298993217775,4.5476740504758006e-07,0.0009626337902562736
34,-3971000.0000000037,58.0,-3.9710000000000036,43.2517,58.0,9744.523333333333,-0.307083,29.738933333333335,8.699233333333334,123.83066666666666,0.10990249999999997,128.59286666666665,248.8193666666667,-2.7409933333333334,-3.2387486666666665,-10.547933333333333,-6.731490000000001,-6.893473333333333,-595.598,6359.490000000001,29.794333333333338,5819.419999999999,9279.763333333334,1.0093273333333332,0.51157,-3.0472966666666665,-2.98117,-3.143152,0.4962665933333334,6833.903333333333,72.923,5160.946066666666,0.5696633333333333,0.9816993333333333,0.02083436666666667,11994.8494,-298.57142857142884,0.7556040657036913,0.5696635766182098,0.4303364233817902,0.21980663371802547,1.7858773052737127e-05,0.037802749718362706,-3971000.0000000037,46.57252408878007,0.0,0.0,46.57252408878007,547.4484282864764,0.24714130255382244,1.5633787299734292,0.1250454322769664,0.1555452774382145,0.2896736632803369,328.21242177384653,231.78303145270004,0.7090630532141226,3.2525998395968316,0.8114614367505912,1.684028210007184,2.141664664982203,49.086326772330445,361.9577769574786,7.199673742839556,277.1626051616632,1326.005271118232,0.9572512330320255,3.216777271105353,1.3676777673243554,1.3750388113431564,1.8706770916521107,0.422676164712864,397.3489965173352,10.368679539362759,259.15370607887047,0.0070788473873458135,0.002042377128087126,0.0020015386339846983,635.6755228126057,0.0,0.021972090091710007,0.0070788375846940295,0.007078837584693972,0.019196590885469704,1.5596779506192473e-06,0.0033014650577841216,-3971000.0000000037,26.888659319497503,0.0,0.0,26.888659319497503,316.0694974386347,0.14268709755732414,0.9026171305954946,0.07219501398603967,0.08980410780012817,0.1672431674720475,189.49353006250928,133.81999560280386,0.4093777446455916,1.8778893929573643,0.4684974789449543,0.9722741403705714,1.2364906708413848,28.340003975534913,208.97641996167877,4.156733573505898,160.0199046993842,765.569500226974,0.5526692570731412,1.8572072233957453,0.7896291271293829,0.7938790278751544,1.0800359224322122,0.24403219747701063,229.40955010151114,5.986359923192054,149.62246196612503,0.004086974444636384,0.001179166984687837,0.0011555888691245015,367.0074342131139,0.0,0.012685592129107482,0.004086968785072738,0.0040869687850727055,0.01108315691524905,9.004804846391463e-07,0.001906101739831806
35,-3970000.000000006,82.75,-3.970000000000006,43.2527,82.75,10285.175,-0.119711575,30.833275,8.65617,123.901,-0.047300085,-92.4871725,374.9540164575,-1.5078015,-3.0161025,-10.5281,-4.7866,-6.8075075,-581.082,6665.2725,31.060025,6042.835,9237.6425,2.1511175,0.64281875,-3.2102475,-1.12768025,-3.14859,1.1947084925,7128.1275000000005,73.13759999999999,5334.6617,0.5718845,0.98238475,0.020285525,12462.7892,-298.4962406015042,0.7488425876752846,0.5718846364997159,0.4281153635002841,0.20559217487800713,1.670388163659811e-05,0.035358120906110825,-3970000.000000006,38.05587996617606,0.0,0.0,38.05587996617606,190.75445604231646,0.19288806295753289,0.706180087395087,0.10624806288430326,0.05543163958126142,0.0934230209489408,188.26286834982898,249.96664946220744,0.7700025858716321,0.5188555682380853,5.022264149936095,2.526274292959232,1.4906331032008961,57.766129418544246,197.37873920882828,5.310684555607374,121.84116942424116,1048.8253772157043,0.785630269290205,0.7279999952222413,5.091847216923508,2.4693394255414916,1.644900949439408,1.670058607340989,232.7629706196129,6.577998914056868,114.31729070086729,0.007678331350842618,0.0010487822700636828,0.0017035817001736855,297.0367487009873,0.0,0.023652783996932204,0.007678504336506374,0.0076785043365063645,0.011245166237827323,9.136433618253956e-07,0.0019339644015261969,-3970000.000000006,19.02793998308803,0.0,0.0,19.02793998308803,95.37722802115823,0.09644403147876644,0.3530900436975435,0.05312403144215163,0.02771581979063071,0.0467115104744704,94.13143417491449,124.98332473110372,0.38500129293581603,0.25942778411904266,2.5111320749680477,1.263137146479616,0.7453165516004481,28.883064709272123,98.68936960441414,2.655342277803687,60.92058471212058,524.4126886078521,0.3928151346451025,0.3639999976111207,2.545923608461754,1.2346697127707458,0.822450474719704,0.8350293036704945,116.38148530980645,3.288999457028434,57.158645350433645,0.003839165675421309,0.0005243911350318414,0.0008517908500868428,148.51837435049364,0.0,0.011826391998466102,0.003839252168253187,0.0038392521682531822,0.0056225831189136615,4.568216809126978e-07,0.0009669822007630984
36,-3968000.0000000037,56.0,-3.9680000000000035,43.25469999999999,56.0,10696.800000000001,-0.03895206666666667,31.09613333333333,8.82308,123.59033333333332,-0.040820833333333334,-100.39401233333335,333.3333333440452,-2.9127433333333332,-2.2512156666666665,-8.284603333333335,-6.1323066666666675,-5.430759999999999,-577.9933333333333,6798.713333333333,31.969800000000003,6297.143333333333,9335.916666666666,0.7267279999999999,1.388256666666667,-1.00565,-2.4928363333333334,-1.791285,1.7320763333333333,7259.110000000001,73.82373333333334,5541.1828,0.566917,0.9825116666666668,0.0197355,12800.292800000001,-298.3458646616544,0.7642280510259208,0.5669170189362119,0.4330829810637881,0.19926419245526472,1.6189747917984144e-05,0.03426982283383334,-3968000.0000000037,46.57252408878007,0.0,0.0,46.57252408878007,454.3116551443514,0.02099923915296298,0.91176168121573,0.044567929052178185,0.006350852961082364,0.06990081675519488,180.41068851122117,288.67513457625944,1.4174275197460127,3.872552057825218,2.8843335149793847,2.6293046595884118,1.4640244747954179,11.860178806971353,357.49296641099573,6.425899749451435,135.18442674115005,425.9248891921374,1.4310979555963317,3.942705471834452,2.9052786100647903,2.6805015806394024,1.5335361232377283,1.045144896385345,366.92916523492653,6.779796508254021,116.77950102770632,0.00911494613258906,0.0013682091701685184,0.0018768118632404272,460.6045540615941,0.0,0.02812582941193797,0.00911485535317947,0.009114855353179411,0.017726958242499286,1.4402737479445823e-06,0.003048714928998583,-3968000.0000000037,26.888659319497503,0.0,0.0,26.888659319497503,262.2969563935757,0.012123916377740504,0.5264058520866874,0.025731305835499218,0.003666666666664635,0.040357255370186466,104.16015957663927,166.66666665595483,0.818352160082144,2.235818973036229,1.6652707313060073,1.518029752994907,0.8452549246233351,6.847477426842005,206.3986603907862,3.709994950131335,78.04876516924821,245.90784942964206,0.8262447899002652,2.2763220654990315,1.6773633875917686,1.5475883091453762,0.8853874935633175,0.6034146872702424,211.8466523219095,3.914317339091344,67.42267635417642,0.005262516603299232,0.0007899359327045086,0.0010835778344601436,265.9301632774289,0.0,0.016238455182163884,0.005262464191782668,0.005262464191782635,0.010234664113220217,8.315424360825558e-07,0.0017601763849397628
37,-3965000.0000000033,55.0,-3.9650000000000034,43.2577,55.0,9783.43,-0.29263873333333335,29.6574,8.706809999999999,123.794,1.2373033666666666,-345.83483333333334,68.19450666666667,-4.081185333333333,-3.193339333333333,-8.846156666666667,-6.25797,-6.136376666666666,-576.857,6329.816666666667,28.5624,5850.44,79848.69666666667,-0.4488693333333334,0.43897333333333327,-1.5815416666666666,-2.6256566666666665,-2.5040633333333333,-0.21672733333333336,6789.303333333333,70.33396666666667,5174.137133333333,0.5675823333333333,0.982199,0.020121633333333333,11963.440466666667,-298.12030075188,0.7620789020774041,0.5675825504277744,0.43241744957222567,0.22196133389594483,1.803383738461492e-05,0.03817331902360255,-3965000.0000000033,46.57252408878007,0.0,0.0,46.57252408878007,399.2104867109578,0.21675398209678484,0.8813274703536699,0.08680325397126555,0.07280796659706824,1.8864922652353504,1374.28812471515,71.67858842545753,3.216997834190339,2.67118443565796,1.2639296234495552,1.7879545098519702,0.1303229581974463,51.63596950769879,231.01686655595785,4.118277544071062,322.5577376222745,117273.03023855074,3.1250788341930402,2.4601367409421235,0.6196666182781944,1.512619258119284,0.4461492053487637,1.7718186969668577,254.16715569351874,3.655110997402585,261.5039428539716,0.007792016191803819,0.00032757747175284275,0.00042528910558975485,485.2015263972007,0.0,0.024109127329981273,0.0077921007874941555,0.007792100787494154,0.012279238017804077,9.976592667436012e-07,0.002111805970854943,-3965000.0000000033,26.888659319497503,0.0,0.0,26.888659319497503,230.48428196589302,0.12514296991150206,0.5088346522529033,0.05011588204684562,0.04203569911396663,1.0891668171577764,793.4456187483978,41.3836523225703,1.8573345655522353,1.5422090529822619,0.729730108335343,1.0322760175618404,0.07524199499688397,29.812040895137205,133.37765009342613,2.377688648667019,186.22879664541685,67707.6155769104,1.8042651061601538,1.4203606096262236,0.3577646888707406,0.8733111358565807,0.25758436380684635,1.0229600016490272,146.74347575881455,2.110279318268344,150.97937180088903,0.004498722645867858,0.0001891269414969608,0.00024554077959566015,280.13123187664115,0.0,0.01391941115389165,0.004498771487212446,0.004498771487212444,0.00708942137502267,5.759988462139428e-07,0.0012192517457493602
38,-3962000.0000000033,46.0,-3.9620000000000033,43.26070000000001,46.0,10288.493333333334,-0.25191953333333333,30.5097,8.729676666666666,123.95533333333333,0.08071509333333333,250.73663333333332,378.276,-1.5399733333333332,-3.1534933333333335,-9.226553333333333,-3.98772,-5.109446666666667,-594.809,6582.836666666667,39.8804,6031.69,9789.626666666667,2.2053833333333333,0.5918594999999999,-1.7358366666666665,-0.24236899999999997,-1.3640963333333334,0.32102,7056.63,82.95196666666666,5334.488133333332,0.569369,0.9798766666666667,0.02289563333333333,12391.118133333332,-297.89473684210554,0.756799166507475,0.5693691821258017,0.43063081787419843,0.20904633801636555,1.698452428387238e-05,0.0359521742447069,-3962000.0000000033,46.57252408878007,0.0,0.0,46.57252408878007,360.5705591605244,0.1976129089332307,0.6384369663482835,0.17138409970978397,0.13460064388156706,0.07392725877527269,359.2981308229467,193.94826145392489,3.064486669351546,1.5287645633757128,4.896054131771147,0.8700839731887952,1.0888631782888667,68.13658617072035,305.94781014632787,13.915623870671409,73.8939490080211,1554.348163100318,3.171569808349382,1.2316801584198918,4.172776194026386,0.6009554974230621,1.2881417725779774,0.5198069604487805,280.9173314340004,16.657714807659943,102.93040073221016,0.011394811319192552,0.003751919686418302,0.004211827625073624,283.6214461088811,0.0,0.03519024966693004,0.011394733580567876,0.01139473358056791,0.013571583498238768,1.1026593035960873e-06,0.002334065926890675,-3962000.0000000033,26.888659319497503,0.0,0.0,26.888659319497503,208.17550939318264,0.11409186616794575,0.36860175438178955,0.09894865610226544,0.0777117179781197,0.04268192275435481,207.44087254995765,111.97608095928345,1.7692822034781346,0.8826326321925284,2.8267381709450516,0.50234321613813,0.6286554490957487,39.33867636732752,176.63905054595892,8.03418918767372,42.66269135126546,897.403330380369,1.8311066826042055,0.7111108710192454,2.4091534588891963,0.34696181820819033,0.7437089991522969,0.30011068854174455,162.18769692345145,9.617336128286484,59.42689457053759,0.006578797382500815,0.002166171840931463,0.002431699813116559,163.74891825891345,0.0,0.020317100118052194,0.006578752500084932,0.006578752500084952,0.007835557386037636,6.366206457556462e-07,0.0013475735911966645
39,-3959000.0000000033,59.0,-3.959000000000003,43.2637,59.0,10597.9,-0.31103166666666665,31.209433333333333,8.826063333333332,124.05566666666668,0.3190403,283.24716666666666,258.96513666666664,-5.731166666666667,-3.4769213333333333,-9.381786666666667,-4.653013333333333,-6.063956666666667,-577.3286666666667,6685.083333333333,34.2537,6202.586666666667,13316.37,-2.0958813333333333,0.15836999999999998,-2.1112233333333332,-1.0177266666666667,-2.428671666666667,1.2890149333333334,7144.95,76.0595,5463.209,0.5669743333333334,0.9817063333333333,0.0205983,12608.159,-297.6691729323311,0.7648514041542912,0.5669746266373933,0.43302537336260666,0.20477945192412716,1.6637849804243536e-05,0.03521834731558623,-3959000.0000000033,46.57252408878007,0.0,0.0,46.57252408878007,379.02721538169317,0.15894243824206714,0.7845822476537024,0.08122014056459961,0.07651361534611469,0.25144523968922144,316.19001028034285,247.5131782217788,2.2684466344689125,2.656874164507106,4.547692612582047,2.9020358088475295,1.4554901755880503,5.686897953483407,105.23378228179958,4.855746105388953,436.20812203962134,5422.169816014619,2.2845002184253196,2.625459262624351,4.477451931403992,2.931320718999088,1.476149439812356,1.6777618534855336,109.52817354452675,4.850110831723333,358.08728906237417,0.01751945205573896,0.0012501429251622423,0.0001102647269075649,352.87336936079515,0.0,0.05359432041552217,0.017519651630036825,0.017519651630036784,0.005291488229227932,4.2992099828178096e-07,0.0009100398918067907,-3959000.0000000033,26.888659319497503,0.0,0.0,26.888659319497503,218.8314648308148,0.09176545950471293,0.4529787718842667,0.04689247001859083,0.044175156416750794,0.14517197682102195,182.5523875504265,142.9018000743238,1.309688275052927,1.5339470140811398,2.6256115540659173,1.6754911554360545,0.8403276446786164,3.2833320642975767,60.75675252823945,2.8034663210627886,251.8448766822765,3130.4912028679037,1.3189568160716172,1.5158096120225653,2.5850580778797045,1.692398806195251,0.852255276439779,0.9686562577459583,63.236120479780574,2.800212794294986,206.74179273354508,0.01011486036043563,0.0007217703543679268,6.366136976220317e-05,203.73153479030532,0.0,0.030942695318936782,0.010114975584710226,0.010114975584710202,0.0030550421535584828,2.482150040882589e-07,0.0005254117765079485
40,-3956000.0000000033,81.0,-3.956000000000003,43.26669999999999,81.0,10641.333333333334,-0.1948446,31.54573333333333,8.778486666666666,123.823,0.18245403333333335,-300.1904333333334,459.8686666666667,-3.04265,-3.0542833333333337,-8.129556666666666,-5.99268,-3.5634099999999997,-594.701,6771.696666666667,31.22,6276.153333333333,13610.916666666666,0.7020233333333333,0.6903900000000002,-0.6401976666666666,-2.2480083333333334,0.18126333333333333,0.670964,7245.3966666666665,74.28373333333333,5534.882466666666,0.5667943333333333,0.9823836666666667,0.0198621,12780.279133333332,-297.44360902255664,0.7644745769954833,0.5667943929418886,0.4332056070581114,0.19992670639636786,1.624357562062579e-05,0.03438376320167764,-3956000.0000000033,46.57252408878007,0.0,0.0,46.57252408878007,476.36931401312296,0.20740234812286962,0.8618507198658774,0.1534905906996688,0.1192518343674448,0.32232427587369733,401.3061749869585,69.50950830881581,2.6334800629395314,1.6368653770036599,2.4335431798168967,2.34564508238139,3.5453185502998177,79.05130212083795,316.58853932720547,7.507357583730778,124.56408564804471,8271.657773157285,2.9125748853949376,2.05212792517913,3.238614040937316,2.7975154362055505,3.0768032057044747,0.3619776805495057,290.24319911641913,4.747795533016698,67.7628979847624,0.006763514791388651,0.0004963187819671122,0.0010294799318102327,357.4980238704739,0.0,0.02091255398283588,0.006763647090354535,0.006763647090354608,0.014022131676592131,1.1392652855468381e-06,0.002411552032447458,-3956000.0000000033,26.888659319497503,0.0,0.0,26.888659319497503,275.0319516791539,0.11974380151929924,0.4975897451158371,0.08861783385852845,0.06885007867340093,0.18609400744203036,231.69422815617955,40.13133333333333,1.5204404232436513,0.9450446660402413,1.4050068099518631,1.3542588197362175,2.0468906193785736,45.64029055925622,182.7824784029125,4.334374921869743,71.91710838025821,4775.643841976819,1.6815758941177106,1.1847966100137188,1.869814688336461,1.615146290155408,1.7763931590569821,0.20898791130589348,167.57198914032273,2.7411410290444933,39.122927392571725,0.0039049170854762527,0.0002865497823725794,0.0005943705157559554,206.40158031637736,0.0,0.012073868671432876,0.00390499346831982,0.0039049934683198623,0.008095681498092845,6.577551192888628e-07,0.001392310215098329
