detuning_Hz,cyc,detuning,freq,VVA,time,buffer,cyc.1,ROIsum,fBg,fA1,fWidth1,fCtr1,fA2,fWidth2,fCtr2,box1,box2,box3,box4,box5,box6,box7,box8,box9,Nfit,BZ-2,BZ-1,BZ0,BZ1,BZ2,Excited,c5,c7,c9,fraction95,fraction75,fraction97,sum95,two2D_bg,two2D_a1,two2D_sh1,two2D_sv1,two2D_ch1,two2D_cv1,two2D_a2,two2D_sh2,two2D_sv2,two2D_ch2,two2D_cv2,two2D_chd,two2D_cvd,detuning_EF,ratio95,f5,f9,c5_alpha,c5_transfer,c5_scaledtransfer,e_detuning_Hz,e_cyc,e_detuning,e_freq,e_VVA,e_time,e_buffer,e_cyc.1,e_ROIsum,e_fBg,e_fA1,e_fWidth1,e_fCtr1,e_fA2,e_fWidth2,e_fCtr2,e_box1,e_box2,e_box3,e_box4,e_box5,e_box6,e_box7,e_box8,e_box9,e_Nfit,e_BZ-2,e_BZ-1,e_BZ0,e_BZ1,e_BZ2,e_Excited,e_c5,e_c7,e_c9,e_fraction95,e_fraction75,e_fraction97,e_sum95,e_two2D_bg,e_two2D_a1,e_two2D_sh1,e_two2D_sv1,e_two2D_ch1,e_two2D_cv1,e_two2D_a2,e_two2D_sh2,e_two2D_sv2,e_two2D_ch2,e_two2D_cv2,e_two2D_chd,e_two2D_cvd,e_detuning_EF,e_ratio95,e_f5,e_f9,e_c5_alpha,e_c5_transfer,e_c5_scaledtransfer,em_detuning_Hz,em_cyc,em_detuning,em_freq,em_VVA,em_time,em_buffer,em_cyc.1,em_ROIsum,em_fBg,em_fA1,em_fWidth1,em_fCtr1,em_fA2,em_fWidth2,em_fCtr2,em_box1,em_box2,em_box3,em_box4,em_box5,em_box6,em_box7,em_box8,em_box9,em_Nfit,em_BZ-2,em_BZ-1,em_BZ0,em_BZ1,em_BZ2,em_Excited,em_c5,em_c7,em_c9,em_fraction95,em_fraction75,em_fraction97,em_sum95,em_two2D_bg,em_two2D_a1,em_two2D_sh1,em_two2D_sv1,em_two2D_ch1,em_two2D_cv1,em_two2D_a2,em_two2D_sh2,em_two2D_sv2,em_two2D_ch2,em_two2D_cv2,em_two2D_chd,em_two2D_cvd,em_detuning_EF,em_ratio95,em_f5,em_f9,em_c5_alpha,em_c5_transfer,em_c5_scaledtransfer
-4200000.000000003,48.5,-4.200000000000003,43.0227,5.0,10.0,11.0,48.5,20593.825,-0.06084497,39.211925,12.114325000000001,118.612,-0.01752726,56.39769999999999,9.195182173468908,-4.92151,-5.305775,-9.32611,-4.9777925,-2.3703985000000003,-169.71025,11213.2,32.1842,10495.705,15502.575,-3.8528900000000004,-4.2371574999999995,-7.1888725,-3.909176,-1.30178,0.6588620000000001,11348.375,44.473325,10630.8675,0.51647625,0.993219,0.007609525000000001,21979.2425,-0.0013366024999999998,1.1537525,12.3298,9.886455,118.12275,83.655825,0.99469725,12.249550000000001,10.67145,118.001,132.05825,0.121877925,-48.40265,-230.76923076923092,0.9362392905450789,0.5164759901503018,0.48352400984969823,0.002260283842916629,2.7587378305871276e-08,7.991015076272466e-05,-4200000.000000003,30.78419507907697,0.0,0.0,0.0,0.0,0.0,30.78419507907697,1886.3901935972847,0.1654436191489846,2.5197606333075866,0.2552433397759867,0.04164932972650581,0.011336759210935606,141.62681177274777,18.388478599369094,3.297692440298215,0.5748371134214167,4.749373175104269,2.522333733369093,2.4813883339981944,65.95509385622412,831.2226777464631,12.001449302480099,892.1073645961374,1267.5448746165432,3.5967745865149796,0.28390299333575203,4.004310837471495,2.215589077976931,2.5997796299173768,0.18473396344473306,807.380878210526,14.367646960068537,869.5443961590844,0.0027398372670653353,0.0019587232235991534,0.00214940107680411,1676.7542145143607,0.0001026110024558769,0.05862251750252048,0.24164553930637153,0.15279117044733562,0.04920281157278356,0.6803410486660324,0.06320827982353253,0.29958747748640335,0.09458063579119423,0.09467136138593553,0.8037277213086333,0.12063898040637265,0.12410094009850911,0.0,0.01026999590918943,0.0027399917904319436,0.0027399917904319883,0.051709372961485346,6.311269437767267e-07,0.0018281349053339516,-4200000.000000003,15.392097539538485,0.0,0.0,0.0,0.0,0.0,15.392097539538485,943.1950967986423,0.0827218095744923,1.2598803166537933,0.12762166988799334,0.020824664863252906,0.005668379605467803,70.81340588637389,9.194239299684547,1.6488462201491074,0.2874185567107084,2.3746865875521346,1.2611668666845466,1.2406941669990972,32.97754692811206,415.61133887323155,6.000724651240049,446.0536822980687,633.7724373082716,1.7983872932574898,0.14195149666787601,2.0021554187357475,1.1077945389884656,1.2998898149586884,0.09236698172236653,403.690439105263,7.183823480034269,434.7721980795422,0.0013699186335326676,0.0009793616117995767,0.001074700538402055,838.3771072571803,5.130550122793845e-05,0.02931125875126024,0.12082276965318577,0.07639558522366781,0.02460140578639178,0.3401705243330162,0.03160413991176626,0.14979373874320168,0.047290317895597116,0.047335680692967765,0.4018638606543167,0.060319490203186325,0.062050470049254555,0.0,0.005134997954594715,0.0013699958952159718,0.0013699958952159942,0.025854686480742673,3.1556347188836333e-07,0.0009140674526669758
-4179999.9999999995,41.0,-4.18,43.0427,5.0,10.0,11.0,41.0,19853.166666666668,-0.10606692333333334,38.7025,-3.9950666666666663,118.55933333333333,0.14573246666666664,-64.42633333333333,278.24466666666734,-6.1922500000000005,-6.76836,-12.749433333333334,-3.2517100000000005,-2.9093033333333334,-186.62966666666668,11009.866666666667,24.0363,10252.133333333333,15359.0,-5.017093333333333,-5.593203333333332,-10.399126666666668,-2.076556666666667,-1.7341469,0.582054,11158.5,37.55056666666667,10400.793333333333,0.517731,0.9941896666666666,0.006530336666666667,21559.293333333335,-0.00155221,1.15453,12.225900000000001,9.770796666666667,118.10566666666666,83.27176666666666,0.9926063333333333,12.107166666666666,10.562866666666666,117.99633333333334,131.50333333333333,0.1092037,-48.2318,-229.6703296703296,0.93179851390249,0.5177309369770215,0.4822690630229784,0.01442098451844321,1.760120334886984e-07,0.000509839970155563,-4179999.9999999995,22.0,0.0,0.0,0.0,0.0,0.0,22.0,1023.7969248504979,0.2447200839066435,1.7661865614934373,13.850763924539805,0.11981791741359764,0.27132646008499306,100.44065720779277,254.74160159921414,0.9080507872911074,2.0069456246744704,1.68021640372106,1.186298515045855,1.071649485715051,69.8397345451236,429.2628138254387,8.751726929583667,583.2396105661315,856.618649108225,1.3376019952262832,2.128428967345007,2.5477737658852937,0.7608351552296552,1.459521381009826,0.02921023548347395,458.9623840795671,12.970476477112681,632.9416656638534,0.007805465456973039,0.0017884077648381855,0.0018284299420358804,1057.4438207930166,0.00011172771903158145,0.0402693593194627,0.047087577979760126,0.0625401121947607,0.13720544206894092,0.48059585238880487,0.05833853299778221,0.09151307738970123,0.07721511078366246,0.09208872533232511,0.6048738160421023,0.05305120949205587,0.13445534574720305,0.0,0.02918840364160304,0.007804126299105609,0.007804126299105564,0.02939462369515578,3.587693672094709e-07,0.0010392185116283635,-4179999.9999999995,12.701705922171767,0.0,0.0,0.0,0.0,0.0,12.701705922171767,591.089430157946,0.14128920631960842,1.0197082867173355,7.996742280315014,0.06917690687248094,0.156650404768339,57.98944047650208,147.0751322571027,0.5242633664803725,1.1587105966547473,0.970073392985179,0.6849097670009777,0.6187171190545087,40.32198953975912,247.83500111521323,5.052811898669227,336.7335461624086,494.56900765548727,0.7722648720124751,1.228849037247637,1.470957869568141,0.4392683816807721,0.8426550622140374,0.016864537319476045,264.9820559962505,7.488508085578716,365.4290410523559,0.00450648758273371,0.0010325377044501434,0.0010556445192287875,610.5154745877544,6.450602865882642e-05,0.023249525443185554,0.027186025822102004,0.03610755061079449,0.07921559891278465,0.2774721447480941,0.033681767730397424,0.05283509986531505,0.04458016499645429,0.05316745035994741,0.3492240605176639,0.030629130081073687,0.07762783006113189,0.0,0.01685193269969497,0.0045057144195784615,0.0045057144195784354,0.01697099390312594,2.0713559073537972e-07,0.000599993087435478
-4160000.0000000037,39.0,-4.160000000000004,43.0627,5.0,10.0,11.0,39.0,20333.13333333333,-0.2376513,39.23276666666667,12.145633333333334,118.741,0.08602373333333335,125.41103333333332,326.64713333333333,-7.06775,-5.88911,-10.499740000000001,-5.134813333333334,-6.02393,-226.91933333333336,11229.333333333334,34.73916666666667,10480.263333333334,16029.699999999999,-5.6389,-4.46027,-7.6420466666666655,-3.705966666666667,-4.595083333333333,0.701407,11410.1,51.17093333333333,10661.019999999999,0.517143,0.9922076666666667,0.008772696666666668,22071.12,-0.00150622,1.1557266666666666,12.343200000000001,9.874463333333333,118.30633333333333,83.46069999999999,1.0063463333333333,12.158499999999998,10.557733333333333,118.10333333333334,131.833,0.20295359999999998,-48.3722,-228.57142857142875,0.9337884829556343,0.5171426055683548,0.4828573944316452,-0.0016929445926167099,-2.066284863901445e-08,-5.985241988651003e-05,-4160000.0000000037,22.0,0.0,0.0,0.0,0.0,0.0,22.0,1730.435084981038,0.18865282693686303,2.4937513395150974,0.050093545825119615,0.26810632219327507,0.15563283930910385,98.69614991226017,250.1066446087615,1.2442566564419095,4.739399355941636,1.4816122903107953,1.4095050081973224,0.9346747272179773,28.89492814203445,753.178759215456,3.3954354158683873,856.2708204962566,511.28732626576857,1.1872823352513924,4.689063952762854,1.5436620249372373,1.555147543654085,1.0481004597047618,0.0813286274567572,767.8121710418504,5.440814748117543,873.1449920832167,0.004214039392317094,0.0007324563695765809,0.0007737954020497497,1637.458842597272,0.00014738504571360013,0.06944838827023522,0.1557984595559284,0.04534863871532769,0.3137934564858401,0.6616013603371642,0.0766389029301263,0.11098734162056412,0.024952421392187757,0.21957762484674417,0.83511496214593,0.14307093500735918,0.17959713249381262,0.0,0.015809911636523583,0.0042139649941130225,0.004213964994112935,0.04917516253886083,6.001962171537329e-07,0.0017385403450883331,-4160000.0000000037,12.701705922171767,0.0,0.0,0.0,0.0,0.0,12.701705922171767,999.0671621289752,0.10891876041538176,1.4397680071610313,0.028921522166795666,0.1547912572897279,0.08985466166985687,56.98224871982306,144.39913859098252,0.7183719155377202,2.7362934939500425,0.8554092546455956,0.8137780959068497,0.5396347053640392,16.68249454101848,434.84795938095186,1.9603555513676023,494.3681887127355,295.1918754527855,0.685477775861479,2.7072323353750045,0.8912336856353167,0.8978648529582712,0.6051210825483148,0.04695510495498156,443.29656363808334,3.141255859436549,504.1104962208188,0.0024329767775299613,0.00042288388214469495,0.0004467509836711177,945.3873035604681,8.509279581727233e-05,0.04009604566260595,0.08995028256394429,0.02618204876967753,0.1811687365720429,0.38197572348688436,0.044247491237106015,0.06407857156127365,0.014406287207712578,0.1267732008132864,0.48215384819923673,0.08260204283971027,0.10369045279098761,0.0,0.009127856739211087,0.0024329338237068132,0.002432933823706763,0.028391293329254906,3.465234475403028e-07,0.001003746736233774
-4140000.0000000005,45.5,-4.140000000000001,43.0827,5.0,10.0,11.0,45.5,20187.075,-0.036802571,38.591425,12.150525,118.68724999999999,0.151049525,-110.80675,500.0,-7.329995,-5.5086475,-9.1328925,-5.07695,-4.48421275,-223.80425,11056.275,40.39155,10401.175,17667.1,-5.92076,-4.0994125,-6.31443,-3.6677175,-3.0749775,0.709862,11234.525,56.59775,10579.45,0.5153055,0.99124525,0.009709095000000001,21813.975,-0.0014224125,1.1273425,12.365375,9.945715,118.1455,83.3629,0.98014425,12.212775,10.730075,118.10625,131.74075,0.039404475,-48.377925,-227.4725274725275,0.9411671311134568,0.5153053818771478,0.4846946181228522,0.009551900811494343,1.1658354416533026e-07,0.00033769822153493985,-4140000.0000000005,30.78419507907697,0.0,0.0,0.0,0.0,0.0,30.78419507907697,1558.1718847739485,0.05008426475680152,2.5012211182740325,0.09717223111568471,0.22885275469903069,0.3525800080085783,225.79665131282025,0.0,1.6780213469937344,2.6035691446214755,2.902507026249032,2.209107864878188,3.4268098276828236,54.23903271860588,627.0025591388494,14.145959466575608,834.5933817734239,4501.261826791831,1.618272057700229,2.709952443757086,3.576993163193541,1.8714743870252852,3.2054005878243985,0.19627923667231506,632.705278282603,18.029047179205,860.2093330501976,0.010187074441009396,0.002859114708553443,0.0028606667304027808,1447.7118253183783,0.0001377986396582588,0.05671615371009097,0.11383234382195628,0.0527202329913911,0.19567745569346903,0.6363252208318299,0.07483646634440104,0.1331055564830666,0.0910414694887265,0.21267718103579866,0.8309654525510325,0.03860687431174013,0.19940717765416324,0.0,0.03846431934252491,0.010187001600234046,0.010187001600233989,0.040522130375354966,4.945836090135643e-07,0.0014326207558706327,-4140000.0000000005,15.392097539538485,0.0,0.0,0.0,0.0,0.0,15.392097539538485,779.0859423869742,0.02504213237840076,1.2506105591370162,0.048586115557842355,0.11442637734951534,0.17629000400428915,112.89832565641012,0.0,0.8390106734968672,1.3017845723107377,1.451253513124516,1.104553932439094,1.7134049138414118,27.11951635930294,313.5012795694247,7.072979733287804,417.29669088671193,2250.6309133959153,0.8091360288501145,1.354976221878543,1.7884965815967706,0.9357371935126426,1.6027002939121993,0.09813961833615753,316.3526391413015,9.0145235896025,430.1046665250988,0.005093537220504698,0.0014295573542767216,0.0014303333652013904,723.8559126591891,6.88993198291294e-05,0.028358076855045485,0.05691617191097814,0.02636011649569555,0.09783872784673452,0.3181626104159149,0.03741823317220052,0.0665527782415333,0.04552073474436325,0.10633859051789933,0.41548272627551625,0.019303437155870067,0.09970358882708162,0.0,0.019232159671262454,0.005093500800117023,0.005093500800116994,0.020261065187677483,2.4729180450678216e-07,0.0007163103779353163
-4120000.0000000047,49.5,-4.1200000000000045,43.1027,5.0,10.0,11.0,49.5,20064.55,-0.26321907499999997,38.4685,12.204925,118.6765,0.2004927595,42.29240000000001,441.9865,-6.0569125,-4.3869074999999995,-8.4846975,-3.5109795000000004,-5.3114475,-219.13425,10995.425,40.26135,10340.27,16957.35,-4.67708,-3.0070825,-5.7250375,-2.13114975,-3.9316174999999998,0.69608875,11169.975,56.129425,10514.8225,0.51511275,0.99125875,0.009759262500000001,21684.7975,-0.0014088125,1.12312,12.3321,9.92074,118.16425,83.564875,0.973429,12.27695,10.69435,118.0675,132.00175000000002,0.096672875,-48.436925,-226.37362637362662,0.9421449087446322,0.5151125220313504,0.4848874779686496,0.013686058697499587,1.6704206420246813e-07,0.00048385737804215723,-4120000.0000000047,30.78419507907697,0.0,0.0,0.0,0.0,0.0,30.78419507907697,1277.5868411449255,0.12298059319267611,1.8352418714345713,0.2664146314175201,0.09533275058096913,0.3403746226565654,203.4148046523163,84.37842160765986,1.7086301155287142,1.2472470873454333,1.186321812870212,2.6413468865513168,2.41322449051575,68.7716241598476,688.191816162713,8.140052129439958,696.5408346010067,2691.0695748468984,1.9633341266325504,1.0399361648477918,0.34397095161994895,2.666399560761087,2.6585092674451345,0.0716776050956643,710.9781308169752,3.9900418363512595,682.3637485669454,0.012285302665515946,0.000800189300519994,0.0007806989150060773,1284.877567977458,0.000154632405050386,0.04315827846427602,0.2341444425990074,0.11848477032935383,0.10795485167420728,0.5624790981301699,0.04004941316257537,0.269292239026676,0.12000423603634476,0.07090133990270875,0.7652521915464847,0.08991450977491063,0.2203451894187885,0.0,0.04593456685611724,0.012284986799410725,0.012284986799410768,0.045535179648245695,5.557692371773059e-07,0.00160985226793628,-4120000.0000000047,15.392097539538485,0.0,0.0,0.0,0.0,0.0,15.392097539538485,638.7934205724628,0.061490296596338055,0.9176209357172856,0.13320731570876004,0.047666375290484564,0.1701873113282827,101.70740232615815,42.18921080382993,0.8543150577643571,0.6236235436727167,0.593160906435106,1.3206734432756584,1.206612245257875,34.3858120799238,344.0959080813565,4.070026064719979,348.27041730050337,1345.5347874234492,0.9816670633162752,0.5199680824238959,0.17198547580997448,1.3331997803805435,1.3292546337225672,0.03583880254783215,355.4890654084876,1.9950209181756298,341.1818742834727,0.006142651332757973,0.000400094650259997,0.00039034945750303867,642.438783988729,7.7316202525193e-05,0.02157913923213801,0.1170722212995037,0.05924238516467691,0.05397742583710364,0.28123954906508497,0.020024706581287684,0.134646119513338,0.06000211801817238,0.035450669951354374,0.38262609577324236,0.04495725488745531,0.11017259470939425,0.0,0.02296728342805862,0.006142493399705362,0.006142493399705384,0.022767589824122848,2.778846185886529e-07,0.00080492613396814
-4100000.0000000014,50.5,-4.100000000000001,43.1227,5.0,10.0,11.0,50.5,20136.9,-0.1697817,38.958125,-0.05995000000000017,118.553,0.07187880750000002,-354.5692,313.83981135,-5.8190175,-7.0251525,-10.9590275,-3.3337915000000002,-3.7371825000000003,-217.803,11183.55,34.658924999999996,10279.835,26130.85,-4.4475675,-5.653705,-8.216112500000001,-1.96234175,-2.3657327500000003,0.627865,11357.05,50.430575000000005,10453.325,0.52075225,0.99228475,0.00881029,21810.375,-0.0014669875,1.1449500000000001,12.211125,10.006712499999999,118.07075,83.830475,0.97787675,12.21725,10.652225,117.93350000000001,132.2185,0.13699562499999998,-48.3883,-225.27472527472534,0.9203391411560176,0.5207526252513325,0.4792473747486675,0.0017046863268655472,2.0806159695147898e-08,6.026753755280718e-05,-4100000.0000000014,30.78419507907697,0.0,0.0,0.0,0.0,0.0,30.78419507907697,522.5357595418702,0.19583633961206826,0.7518804043862308,13.934838887837921,0.14144963768068625,0.39690332430374814,1035.4736025242555,218.60295583553506,0.9608473683291222,1.5697574742058087,3.2655796434464226,1.9379536679314604,2.9485188388112764,37.909510820725004,215.65283057111338,5.852758444457337,287.1772313978478,18487.513029339563,0.9519498284179688,1.4990554935136102,2.8421069366859393,2.0577318087023837,3.054464869683436,0.14184148300832167,191.64753237823436,7.485832476251388,269.163424645078,0.002798381719851679,0.0011777872968693206,0.00130170985940288,454.7157234654028,9.49869118615823e-05,0.021216955483763428,0.07980515334237502,0.10352141787250319,0.1686917800803213,0.6345135899516486,0.030198275473664715,0.06471627822014034,0.15010579324818457,0.15157066558759982,0.8036191054639514,0.15318866397864594,0.16948252613962023,0.0,0.010317264688468206,0.0027977868302486667,0.002797786830248705,0.012274223970796642,1.4981023784004908e-07,0.00043394332577989715,-4100000.0000000014,15.392097539538485,0.0,0.0,0.0,0.0,0.0,15.392097539538485,261.2678797709351,0.09791816980603413,0.3759402021931154,6.967419443918961,0.07072481884034312,0.19845166215187407,517.7368012621278,109.30147791776753,0.4804236841645611,0.7848787371029043,1.6327898217232113,0.9689768339657302,1.4742594194056382,18.954755410362502,107.82641528555669,2.9263792222286686,143.5886156989239,9243.756514669782,0.4759749142089844,0.7495277467568051,1.4210534683429696,1.0288659043511919,1.527232434841718,0.07092074150416083,95.82376618911718,3.742916238125694,134.581712322539,0.0013991908599258395,0.0005888936484346603,0.00065085492970144,227.3578617327014,4.749345593079115e-05,0.010608477741881714,0.03990257667118751,0.05176070893625159,0.08434589004016065,0.3172567949758243,0.015099137736832358,0.03235813911007017,0.07505289662409229,0.07578533279379991,0.4018095527319757,0.07659433198932297,0.08474126306981011,0.0,0.005158632344234103,0.0013988934151243334,0.0013988934151243524,0.006137111985398321,7.490511892002454e-08,0.00021697166288994857
-4080000.0000000056,36.5,-4.080000000000005,43.1427,5.0,10.0,11.0,36.5,19986.4,-0.12875417499999997,38.68605,-0.10900000000000043,118.63925,0.218066425,-156.55275,253.53722475,-6.540135,-5.3662875,-9.330795,-3.5987675,-1.52722,-172.45675,11243.175,43.769175,10293.55,21741.2,-5.4542275,-4.2803725,-7.158965,-2.5128547500000002,-0.4413095,0.59710625,11380.525,56.25715,10430.925,0.52186175,0.9914259999999999,0.0098701525,21811.45,-0.00169105,1.137495,12.4224,9.9716825,118.1595,83.46905000000001,0.97873325,12.239675,10.6422,118.0355,131.879,0.12388438625,-48.409975,-224.17582417582446,0.9164534763984483,0.5218614762321989,0.4781385237678011,0.0002012106278109294,2.455830371029519e-09,7.113607281590843e-06,-4080000.0000000056,30.78419507907697,0.0,0.0,0.0,0.0,0.0,30.78419507907697,782.2958732687619,0.16367755833398734,0.8623442796625187,14.073951648583517,0.2171042376371351,0.5536685507196424,458.7754366574675,284.6382226748387,1.5401005445208227,1.2520008544292875,2.4567690516950647,2.3413132014089157,2.5720547607830335,24.222412519193878,290.48272897598144,11.87502031531596,434.0783070675923,11928.944183790956,1.6004346185203357,1.2436531134089066,2.5693103929978305,2.468707136046096,2.534711211127282,0.23476746716751445,273.96415063532135,11.988926404395018,422.88408478762375,0.006670199615953531,0.0017796113807982859,0.002224513123140657,655.3105853969806,0.00016253783518512443,0.025309042521070052,0.1297063092785646,0.12424859714164478,0.2948383738027775,0.7500480806810584,0.030487059958557352,0.2174556717279795,0.07522725569898141,0.2247524564196498,0.9079452993802348,0.08881192148865352,0.20421401151733026,0.0,0.024637993733785318,0.006669640573780269,0.00666964057378028,0.01754625954812924,2.141568642027858e-07,0.0006203310483357831,-4080000.0000000056,15.392097539538485,0.0,0.0,0.0,0.0,0.0,15.392097539538485,391.1479366343809,0.08183877916699367,0.43117213983125935,7.036975824291758,0.10855211881856755,0.2768342753598212,229.38771832873374,142.31911133741934,0.7700502722604113,0.6260004272146438,1.2283845258475323,1.1706566007044579,1.2860273803915168,12.111206259596939,145.24136448799072,5.93751015765798,217.03915353379614,5964.472091895478,0.8002173092601679,0.6218265567044533,1.2846551964989152,1.234353568023048,1.267355605563641,0.11738373358375723,136.98207531766067,5.994463202197509,211.44204239381187,0.0033350998079767656,0.0008898056903991429,0.0011122565615703285,327.6552926984903,8.126891759256222e-05,0.012654521260535026,0.0648531546392823,0.06212429857082239,0.14741918690138875,0.3750240403405292,0.015243529979278676,0.10872783586398975,0.037613627849490704,0.1123762282098249,0.4539726496901174,0.04440596074432676,0.10210700575866513,0.0,0.012318996866892659,0.0033348202868901345,0.00333482028689014,0.00877312977406462,1.070784321013929e-07,0.00031016552416789154
-4060000.0000000023,35.5,-4.060000000000002,43.1627,5.0,10.0,11.0,35.5,19936.625,-0.186876625,38.655249999999995,6.04865,118.67075,-0.173681425,118.25555000000001,371.21485,-5.47227625,-3.8383225,-11.1462325,-4.82571,-5.0139075,-170.1338,10990.275,31.50735,10333.497500000001,19691.850000000002,-4.4009905,-2.7670375,-9.00364,-3.754425,-3.9426175,0.622335,11125.775,43.82715,10469.0175,0.51571125,0.99317075,0.0076456975,21594.7925,-0.0015312525,1.140905,12.315175,9.7980775,118.23875,83.279675,0.9914642499999999,12.149925,10.608525,118.0055,131.576,0.23335224999999998,-48.2964,-223.07692307692318,0.9398169189200519,0.515711411699859,0.4842885883001411,0.016516884081875,2.015930570086882e-07,0.0005839384735900897,-4060000.0000000023,30.78419507907697,0.0,0.0,0.0,0.0,0.0,30.78419507907697,1308.1212211284821,0.17429821994176867,2.1809408374980417,12.080546152251008,0.15066823376765304,0.49835213616998686,315.8263018134124,232.38050827774546,3.349381590551145,2.7399227032816693,2.756207595632992,2.174904867605324,1.6765203706163747,94.68280639003754,505.98085849829044,8.393582372860829,915.291681755968,9289.677420126063,2.804269585989847,2.3962793851215123,1.8002077374199534,2.6974923141008826,2.2383286663993296,0.06777273164530605,476.7674861327412,9.947186608115214,898.8981085149004,0.011690015322915588,0.0013969135919352459,0.0015318969636668343,1359.613841436237,0.00016761934581565054,0.041123746992056405,0.15243073563644136,0.07304660082212298,0.15015630744883182,0.9372648660686383,0.07506747932527098,0.13726823801108076,0.09562497494553038,0.17894785087655174,1.1640260592729985,0.0766744314504516,0.2440432065570905,0.0,0.044001813005971085,0.01169013840870144,0.011690138408701402,0.030534966112882478,3.726875561903133e-07,0.0010795342156967893,-4060000.0000000023,15.392097539538485,0.0,0.0,0.0,0.0,0.0,15.392097539538485,654.0606105642411,0.08714910997088433,1.0904704187490208,6.040273076125504,0.07533411688382652,0.24917606808499343,157.9131509067062,116.19025413887273,1.6746907952755725,1.3699613516408347,1.378103797816496,1.087452433802662,0.8382601853081874,47.34140319501877,252.99042924914522,4.196791186430414,457.645840877984,4644.838710063032,1.4021347929949235,1.1981396925607561,0.9001038687099767,1.3487461570504413,1.1191643331996648,0.033886365822653024,238.3837430663706,4.973593304057607,449.4490542574502,0.005845007661457794,0.0006984567959676229,0.0007659484818334172,679.8069207181185,8.380967290782527e-05,0.020561873496028202,0.07621536781822068,0.03652330041106149,0.07507815372441591,0.4686324330343192,0.03753373966263549,0.06863411900554038,0.04781248747276519,0.08947392543827587,0.5820130296364993,0.0383372157252258,0.12202160327854525,0.0,0.022000906502985543,0.00584506920435072,0.005845069204350701,0.015267483056441239,1.8634377809515664e-07,0.0005397671078483946
-4040000.000000006,44.5,-4.040000000000006,43.1827,5.0,10.0,11.0,44.5,20240.475,-0.13400495,38.378125,-0.017424999999999802,118.69825,0.13570064999999998,-61.59090749999999,143.6445258030627,-6.7448775,-5.897385,-10.306135,-3.9787625,-3.439429,-137.1205,10743.325,23.468975,10681.0025,15874.825,-5.881465,-5.033975,-8.57934,-3.1153505,-2.576019,0.65511325,10852.525000000001,33.3982,10790.2525,0.5017510000000001,0.99466075,0.0056016225,21642.777500000004,-0.001412425,1.0890625,12.431000000000001,9.9698725,118.1905,83.66565,0.998495,12.3652,10.746325,118.087,132.099,0.1035689,-48.4336,-221.9780219780223,0.994192089856371,0.5017509532462991,0.49824904675370074,0.03401740526469338,4.1519167203808936e-07,0.0012026524862252083,-4040000.000000006,30.78419507907697,0.0,0.0,0.0,0.0,0.0,30.78419507907697,1065.5171745057255,0.12105256575965945,1.5991355901965687,14.19382286920969,0.16554833131143487,0.13235983141757926,76.4901627073719,240.0530199298084,2.1482091837834756,1.4786385225267191,1.3923930691558803,2.215419052103913,2.536900297999641,17.44197008176923,344.095629876347,9.95570257904986,700.9421540743097,512.4895600562675,2.0651241935938542,1.4308280138553808,1.2070432001382552,2.2290742347532975,2.4385049785180533,0.03188883760163322,357.28207693641775,10.164050651520126,704.4428041781204,0.014121874521464895,0.0015629511348727496,0.0014069080797591816,946.6099640427416,0.00017437467333302725,0.030512463437093892,0.08006051877590287,0.08663649168604871,0.21710596491114678,0.4840775867565027,0.06411383726882464,0.10002003132706258,0.19685479208458861,0.10044899203078815,0.5969092616693698,0.1640794470408974,0.11678864100017185,0.0,0.055503880268574834,0.014122317740484757,0.014122317740484782,0.022882424723393024,2.7928620972899173e-07,0.0008089860108469928,-4040000.000000006,15.392097539538485,0.0,0.0,0.0,0.0,0.0,15.392097539538485,532.7585872528628,0.060526282879829724,0.7995677950982844,7.096911434604845,0.08277416565571744,0.06617991570878963,38.24508135368595,120.0265099649042,1.0741045918917378,0.7393192612633596,0.6961965345779402,1.1077095260519565,1.2684501489998206,8.720985040884615,172.0478149381735,4.97785128952493,350.4710770371548,256.24478002813373,1.0325620967969271,0.7154140069276904,0.6035216000691276,1.1145371173766487,1.2192524892590266,0.01594441880081661,178.64103846820888,5.082025325760063,352.2214020890602,0.0070609372607324476,0.0007814755674363748,0.0007034540398795908,473.3049820213708,8.718733666651363e-05,0.015256231718546946,0.04003025938795143,0.04331824584302436,0.10855298245557339,0.24203879337825135,0.03205691863441232,0.05001001566353129,0.09842739604229431,0.050224496015394075,0.2984546308346849,0.0820397235204487,0.058394320500085924,0.0,0.027751940134287417,0.007061158870242379,0.007061158870242391,0.011441212361696512,1.3964310486449586e-07,0.0004044930054234964
-4020000.0000000033,43.5,-4.020000000000003,43.2027,5.0,10.0,11.0,43.5,19000.275,-0.196357,36.668875,12.130675,118.674,0.312493425,-284.39985,102.34496851750836,-6.223205,-6.10731,-9.414505,-4.091010000000001,-3.281752,-220.42925000000002,10497.2,27.239024999999998,9806.5175,18854.775,-4.8352225,-4.7193275,-6.6385425,-2.7030285,-1.89376625,0.66896325,10672.8,43.2008,9982.1075,0.5167962500000001,0.9929825,0.007879215,20654.9075,-0.0014492775,1.078095,12.375975,9.871884999999999,118.13575,83.573275,0.93150225,12.1659,10.70195,118.062,131.97725,0.073730625,-48.403999999999996,-220.87912087912105,0.9351883506672578,0.5167963654892344,0.48320363451076564,0.045528040834984525,5.556821060222041e-07,0.0016095998820929024,-4020000.0000000033,30.78419507907697,0.0,0.0,0.0,0.0,0.0,30.78419507907697,397.43362024368383,0.12193011254266382,0.7593913675876663,0.15604724444859688,0.13659673007311196,0.22430919486159243,352.1944515110036,183.06839805562495,1.814268469411294,1.8798140720294654,1.2340683696484025,1.9790803431728925,1.8764388485113674,46.9335689769771,102.02610776985807,9.597934143823174,302.7864741997787,5677.174816388282,1.601440369841579,1.9423434162779591,1.1177442706145564,2.101213112998219,1.7437278965546537,0.10799000113706518,129.35107266660026,11.10332014609444,310.914552396099,0.005937323435971269,0.0017073850376135495,0.0018354450341084405,416.9918539072425,0.00010319381518127273,0.013883420567953272,0.09300349007788204,0.13393680114143508,0.09847292352045897,0.8555504363663514,0.029788005073351262,0.10318892059389595,0.0904853026739699,0.14449452123407738,1.0841615423911575,0.10239539223651212,0.24944571887821146,0.0,0.02207567720508378,0.005937696796470457,0.005937696796470481,0.008284395927619852,1.0111330274164071e-07,0.0002928868113749655,-4020000.0000000033,15.392097539538485,0.0,0.0,0.0,0.0,0.0,15.392097539538485,198.71681012184192,0.06096505627133191,0.37969568379383317,0.07802362222429844,0.06829836503655598,0.11215459743079621,176.0972257555018,91.53419902781248,0.907134234705647,0.9399070360147327,0.6170341848242012,0.9895401715864462,0.9382194242556837,23.46678448848855,51.013053884929036,4.798967071911587,151.39323709988935,2838.587408194141,0.8007201849207894,0.9711717081389796,0.5588721353072782,1.0506065564991094,0.8718639482773268,0.05399500056853259,64.67553633330013,5.55166007304722,155.4572761980495,0.0029686617179856345,0.0008536925188067747,0.0009177225170542202,208.49592695362125,5.1596907590636365e-05,0.006941710283976636,0.04650174503894102,0.06696840057071754,0.049236461760229486,0.4277752181831757,0.014894002536675631,0.051594460296947975,0.04524265133698495,0.07224726061703869,0.5420807711955787,0.05119769611825606,0.12472285943910573,0.0,0.01103783860254189,0.0029688483982352287,0.0029688483982352404,0.004142197963809926,5.0556651370820356e-08,0.00014644340568748275
-4000000.0,34.5,-4.0,43.2227,5.0,10.0,11.0,34.5,18881.475,-0.186564825,36.7222,-0.17569999999999997,118.73,-0.319597475,167.701375,275.7570000000073,-5.0433275,-5.908355,-9.5701325,-3.47733025,-4.0929775,-180.922525,10349.25,26.175124999999998,10066.5825,17545.275,-3.9041075,-4.769135,-7.2916875,-2.338111,-2.95376,0.6784885,10493.324999999999,39.27615,10210.7075,0.5070125,0.993491,0.0070980675,20704.032499999998,-0.0016473325,1.06141,12.358075,9.876172500000001,118.29525,83.264425,0.9564429999999999,12.29335,10.601475,118.049,131.517,0.24654375,-48.2524,-219.78021978021977,0.9727802968545481,0.5070113359809424,0.49298866401905767,0.057022664949481716,6.959771158388632e-07,0.0020159812084156433,-4000000.0,30.78419507907697,0.0,0.0,0.0,0.0,0.0,30.78419507907697,729.9844536015813,0.21016381031735498,0.8187337703226016,14.054390985263883,0.15769802366124944,0.700696452682574,240.93081145740265,237.94214856976183,1.3635828404947266,0.9713604977384385,4.949034076513483,2.999879749348894,1.9390140572014942,72.27980627881139,214.7737181314326,11.024255305272703,542.0383712355306,4929.067056671746,1.3602318287060482,0.7881598965734468,4.353750092685423,2.7886635795440315,1.8323410182787119,0.11022266959054598,184.03170696014988,15.36553756874997,492.09884016492634,0.008668120307579227,0.002541328130459798,0.0028803972063053502,652.3449985692646,8.382562351890581e-05,0.003906404996924823,0.17060606427283395,0.12119393752026783,0.11180749825778832,0.5085051646738735,0.03554563183664996,0.28858628403535286,0.05563652127874288,0.1924370026788029,0.5929356345056837,0.0861512615399024,0.1166188663981968,0.0,0.034146367636676486,0.00866786635490083,0.008667866354900813,0.011786462162731373,1.4385697247277164e-07,0.00041669897846442923,-4000000.0,15.392097539538485,0.0,0.0,0.0,0.0,0.0,15.392097539538485,364.99222680079066,0.10508190515867749,0.4093668851613008,7.027195492631941,0.07884901183062472,0.350348226341287,120.46540572870133,118.97107428488091,0.6817914202473633,0.48568024886921923,2.4745170382567414,1.499939874674447,0.9695070286007471,36.139903139405696,107.3868590657163,5.512127652636352,271.0191856177653,2464.533528335873,0.6801159143530241,0.3940799482867234,2.1768750463427113,1.3943317897720158,0.9161705091393559,0.05511133479527299,92.01585348007494,7.682768784374985,246.04942008246317,0.004334060153789614,0.001270664065229899,0.0014401986031526751,326.1724992846323,4.1912811759452905e-05,0.0019532024984624113,0.08530303213641698,0.060596968760133915,0.05590374912889416,0.25425258233693676,0.01777281591832498,0.14429314201767643,0.02781826063937144,0.09621850133940145,0.2964678172528418,0.0430756307699512,0.0583094331990984,0.0,0.017073183818338243,0.004333933177450415,0.004333933177450407,0.005893231081365686,7.192848623638582e-08,0.00020834948923221462
-3980000.000000004,42.0,-3.980000000000004,43.24269999999999,5.0,10.0,11.0,42.0,18546.033333333333,-0.1483536,35.771633333333334,-3.8982666666666668,118.62933333333332,0.022615733333333336,49.24293333333333,325.233238393,-6.148606666666667,-2.8147866666666665,-8.544756666666666,-4.8596466666666664,-4.330903333333333,-172.83433333333332,10342.533333333333,35.6659,9496.523333333333,14191.800000000001,-5.06031,-1.7264936666666666,-6.368156666666667,-3.7713533333333333,-3.2426100000000004,0.6867770000000001,10480.233333333334,48.181266666666666,9634.203333333333,0.5211603333333333,0.9920283333333333,0.00917214,20114.436666666665,-0.0014187333333333333,1.0621166666666666,12.320866666666667,9.89392,118.18700000000001,83.1379,0.8937573333333333,12.2832,10.7023,118.00033333333333,131.48366666666666,0.18720463333333334,-48.345666666666666,-218.68131868131888,0.9196222289743651,0.5211609573847548,0.4788390426152452,0.05786113151789296,7.062108280746411e-07,0.0020456243835864168,-3980000.000000004,22.0,0.0,0.0,0.0,0.0,0.0,22.0,271.6970616943319,0.1937038446552107,0.594140768954071,14.083940697948615,0.18591485506364763,0.033207596717819456,121.26281203511378,281.7470335662095,2.036733812979333,1.4564376192042463,2.584047686021552,0.7101677290847097,0.7741253584099499,47.38640237803809,102.4580564588909,9.152164283927602,435.4843586552032,502.64133335809134,2.210376673397546,1.1978446013696156,2.0116680816261248,0.6438060613518122,0.818503055889225,0.08624477474606793,114.6081294382444,8.540061701377414,409.46934956518203,0.01330118131345235,0.0013187389178049925,0.0019574510330529343,299.38906498623527,0.000166487845302092,0.01526818369464218,0.067192360676891,0.05739395525662965,0.16757386431063895,0.8682120305547446,0.0366336452504161,0.10381001878431612,0.04485677206398077,0.2430665203875929,0.9160656817790729,0.0888842961737524,0.05115098565358446,0.0,0.04873832774196972,0.013301627968990523,0.013301627968990617,0.007340171992524033,8.958879311663096e-08,0.0002595046867167114,-3980000.000000004,12.701705922171767,0.0,0.0,0.0,0.0,0.0,12.701705922171767,156.8643717072529,0.11183496685475135,0.3430273328921641,8.131366953211359,0.10733799161734722,0.019172414904173596,70.01111717116393,162.66672567282959,1.175908815191231,0.8408746515054693,1.4919006271233726,0.4100155295568424,0.44694148406450007,27.358552168888217,59.154186477186535,5.28400451299328,251.4270116974531,290.20010912012646,1.2761615673965427,0.6915759030480875,1.1614371084470212,0.37170160282738146,0.4725629596501754,0.04979344391584095,66.16903438248988,4.930606922186264,236.40723919635883,0.007679440611861734,0.0007613742691855482,0.0011301348808586229,172.85235726223328,9.612180230196358e-05,0.008815089966138317,0.03879352752428943,0.03313641551727246,0.09674881566889322,0.5012624495544534,0.02115044494672499,0.059934742289705016,0.02589806942611698,0.1403345209767624,0.5288907679705258,0.05131737232264637,0.029532035336411674,0.0,0.028139086641678423,0.007679698488556934,0.007679698488556987,0.004237850275781902,5.1724113822260575e-08,0.00014982510073186284
-3960000.000000001,39.5,-3.960000000000001,43.2627,5.0,10.0,11.0,39.5,18962.775,-0.076677275,36.6344,6.018475,118.656,0.041318271,13.9912265,375.0014743575,-3.7135170000000004,-5.058815,-10.650185,-5.191325,-4.7629425,-201.059,10474.25,29.128124999999997,9860.9275,14464.1,-2.447513,-3.7928025,-8.1181475,-3.9253125000000004,-3.49692575,0.615353,10634.375,43.6873,10021.07,0.51537525,0.9929015,0.0079234525,20655.445,-0.0015166625,1.069275,12.315475000000001,9.9589625,118.173,83.632825,0.93203475,12.296125,10.6614,118.039,131.9805,0.13386889999999999,-48.347699999999996,-217.5824175824176,0.9411402746007835,0.5153750691841463,0.4846249308158536,0.047989001590519005,5.857188005601905e-07,0.0016966047711523883,-3960000.000000001,30.78419507907697,0.0,0.0,0.0,0.0,0.0,30.78419507907697,1289.8400608214954,0.09024159486841882,1.970804284211568,12.110559091243477,0.3065865837464703,0.030898287859740123,29.91992060830168,249.99705128500003,4.592412153956713,1.8219031245101918,2.5408083471407283,2.435046074998719,2.224791565164027,71.54695616632944,408.84558209671286,12.89339397065412,843.0247092217007,853.1336081372802,4.557291225395044,1.4201372099759704,2.165376700643947,2.248369909043365,2.5081543008739016,0.10459823559697366,414.8249299403303,11.989694466777154,859.745221252591,0.012073853634334573,0.001775394134645439,0.0019176066818715285,1264.2182298295374,0.00011900014576321617,0.028820398447396093,0.07769832151769206,0.1460096536477414,0.3582131581428397,0.7470626139532588,0.06406651130075683,0.17052912507838666,0.21437378571084645,0.301476367232986,0.8031398798881143,0.08598886114166183,0.10660247026531311,0.0,0.04586518358472586,0.012075069044088012,0.012075069044088078,0.026567804111919207,3.242672662943209e-07,0.0009392790373081956,-3960000.000000001,15.392097539538485,0.0,0.0,0.0,0.0,0.0,15.392097539538485,644.9200304107477,0.04512079743420941,0.985402142105784,6.0552795456217385,0.15329329187323515,0.015449143929870061,14.95996030415084,124.99852564250001,2.2962060769783563,0.9109515622550959,1.2704041735703642,1.2175230374993595,1.1123957825820134,35.77347808316472,204.42279104835643,6.44669698532706,421.51235461085037,426.5668040686401,2.278645612697522,0.7100686049879852,1.0826883503219735,1.1241849545216824,1.2540771504369508,0.05229911779848683,207.41246497016516,5.994847233388577,429.8726106262955,0.006036926817167287,0.0008876970673227195,0.0009588033409357643,632.1091149147687,5.9500072881608087e-05,0.014410199223698046,0.03884916075884603,0.0730048268238707,0.17910657907141986,0.3735313069766294,0.032033255650378414,0.08526456253919333,0.10718689285542322,0.150738183616493,0.40156993994405715,0.04299443057083092,0.053301235132656555,0.0,0.02293259179236293,0.006037534522044006,0.006037534522044039,0.013283902055959603,1.6213363314716044e-07,0.0004696395186540978
-3940000.0000000047,41.5,-3.940000000000005,43.2827,5.0,10.0,11.0,41.5,19627.75,-0.194135975,38.007525,12.1421,118.7585,-0.0288775,-357.46637499999997,177.7754186525,-4.3837475,-4.690530000000001,-12.7685,-5.1350999999999996,-3.5437225000000003,-222.543,10791.275,30.459575,10238.475,20735.9,-2.9824575,-3.289235,-9.965887500000001,-3.7338075,-2.1424275,0.5449094999999999,10968.525,46.57445,10415.725,0.51258875,0.99263225,0.008154265,21384.25,-0.0015887574999999998,1.1054325,12.384274999999999,9.8955725,118.209,83.545575,0.9684595,12.253025000000001,10.712225,118.178,131.94299999999998,0.030950474999999998,-48.39725,-216.48351648351675,0.951709683567899,0.5125897979287349,0.48741020207126506,0.026588089776287446,3.2451485833850876e-07,0.0009399962173663853,-3940000.0000000047,30.78419507907697,0.0,0.0,0.0,0.0,0.0,30.78419507907697,941.0375638977805,0.16170772231521857,0.8167712587785313,0.24154385385129043,0.27256864578793294,0.4596751372019882,336.1930418785649,220.48080376351214,0.8935221707517951,1.6164627997163026,1.8112732648609373,1.4231389033400779,3.666148101494492,54.57090282070353,653.2003387169975,7.0269051828786395,153.75366391298343,8041.789885757191,0.9961249830007946,1.4397616512117553,1.2201327098687533,1.0928661697992423,3.479062976783404,0.03834980411510165,678.5506828282378,10.702845517742778,182.23586136286755,0.012205672462015357,0.0014978714619975654,0.0017504332152070237,833.3196445542382,0.00024462912232942887,0.036724867483309796,0.2180951990148641,0.19745142514468367,0.2711494053100637,0.4311600659847801,0.03371923246951709,0.28556382094609556,0.18444573501891182,0.3144974827668155,0.4627994526070036,0.08005061100318035,0.07688677823050429,0.0,0.046590705860010954,0.012205214835000084,0.012205214835000151,0.04345833704831281,5.304208090736188e-07,0.001536427505028214,-3940000.0000000047,15.392097539538485,0.0,0.0,0.0,0.0,0.0,15.392097539538485,470.51878194889025,0.08085386115760929,0.40838562938926565,0.12077192692564521,0.13628432289396647,0.2298375686009941,168.09652093928244,110.24040188175607,0.44676108537589754,0.8082313998581513,0.9056366324304687,0.7115694516700389,1.833074050747246,27.285451410351765,326.60016935849876,3.5134525914393198,76.87683195649171,4020.8949428785954,0.4980624915003973,0.7198808256058776,0.6100663549343767,0.5464330848996212,1.739531488391702,0.019174902057550826,339.2753414141189,5.351422758871389,91.11793068143378,0.006102836231007679,0.0007489357309987827,0.0008752166076035118,416.6598222771191,0.00012231456116471444,0.018362433741654898,0.10904759950743205,0.09872571257234183,0.13557470265503185,0.21558003299239006,0.016859616234758543,0.14278191047304778,0.09222286750945591,0.15724874138340775,0.2313997263035018,0.040025305501590176,0.03844338911525214,0.0,0.023295352930005477,0.006102607417500042,0.006102607417500076,0.021729168524156406,2.652104045368094e-07,0.000768213752514107
-3920000.000000002,46.5,-3.9200000000000017,43.3027,5.0,10.0,11.0,46.5,19585.7,-0.011544824999999991,37.694225,0.15645000000000042,118.741,-0.150074285,113.4842,352.32700000000204,-5.8256975,-5.257985,-12.00513,-5.067425,-3.4627575,-204.6615,10998.5,25.145475,9930.3325,15247.1,-4.536995,-3.9692875,-9.4277225,-3.7787245,-2.17405725,0.59881825,11161.525,39.965525,10093.3325,0.5251455,0.9937855,0.0072277075,21254.857500000002,-0.0014854525,1.149375,12.23645,9.79165,118.20125,83.494225,0.9524472500000001,12.227675,10.548175,118.15075,131.79399999999998,0.0499516425,-48.299825,-215.38461538461547,0.9043828246222518,0.5251455904132444,0.4748544095867555,0.01422724590333607,1.7364740106248087e-07,0.0005029905286616152,-3920000.000000002,30.78419507907697,0.0,0.0,0.0,0.0,0.0,30.78419507907697,1036.1156306127216,0.27095108180331956,1.669741869022477,13.904811326180111,0.07167984374983372,0.1490410840802212,150.22548321158212,238.74378117415216,0.5366340326749691,1.5855851028248216,2.5337854722923954,2.811672874695774,1.3195811207949033,68.3464696015822,530.3262203587517,13.71036626531788,490.07283767313567,1188.8494297709303,0.1305012095729382,2.00821159607871,2.583510484881311,3.013206922975531,1.4197102737519782,0.054756775169075324,499.5479247946752,14.038162640311349,480.4837987816724,0.0053825171620720145,0.002110835616527273,0.002448026949489118,952.8111571686175,0.0001317504900370393,0.045384536647041646,0.1548107769719755,0.09051814219628436,0.0751370969184565,0.8637265322426992,0.03329872716661504,0.1446932243288084,0.11496194660263284,0.046456969337226775,0.9132104540210437,0.04088369645707881,0.0802551919400453,0.0,0.019381785811614195,0.005382659100748245,0.005382659100748227,0.03199395805929448,3.9049494922947685e-07,0.0011311154658856773,-3920000.000000002,15.392097539538485,0.0,0.0,0.0,0.0,0.0,15.392097539538485,518.0578153063608,0.13547554090165978,0.8348709345112385,6.9524056630900555,0.03583992187491686,0.0745205420401106,75.11274160579106,119.37189058707608,0.26831701633748456,0.7927925514124108,1.2668927361461977,1.405836437347887,0.6597905603974517,34.1732348007911,265.16311017937585,6.85518313265894,245.03641883656783,594.4247148854652,0.0652506047864691,1.004105798039355,1.2917552424406555,1.5066034614877655,0.7098551368759891,0.027378387584537662,249.7739623973376,7.019081320155674,240.2418993908362,0.0026912585810360073,0.0010554178082636365,0.001224013474744559,476.4055785843087,6.587524501851965e-05,0.022692268323520823,0.07740538848598776,0.04525907109814218,0.03756854845922825,0.4318632661213496,0.01664936358330752,0.0723466121644042,0.05748097330131642,0.023228484668613388,0.45660522701052186,0.020441848228539405,0.04012759597002265,0.0,0.009690892905807097,0.0026913295503741227,0.0026913295503741136,0.01599697902964724,1.9524747461473842e-07,0.0005655577329428386
-3900000.0000000056,38.5,-3.9000000000000057,43.3227,5.0,10.0,11.0,38.5,20196.975,-0.209789,38.9261,6.005875,118.69975,0.059035175,298.101225,238.52050001689963,-5.3404275000000005,-4.6082275,-9.67985,-3.1268025,-4.4825725,-236.37825,11142.85,32.69845,10401.025,16490.125,-3.8520149999999997,-3.11982,-6.7030175,-1.63839225,-2.99416375,0.6431365,11331.125,49.81515,10589.3,0.5168157499999999,0.9924395,0.008543755,21920.425,-0.0015116325,1.142715,12.36115,9.87566,118.26525000000001,83.522725,0.9887217500000001,12.21375,10.690850000000001,118.017,131.91174999999998,0.248047575,-48.3891,-214.2857142857146,0.9355839465035638,0.5168155941197516,0.48318440588024836,0.003365074292701083,4.1071645860334165e-08,0.00011896894936457372,-3900000.0000000056,30.78419507907697,0.0,0.0,0.0,0.0,0.0,30.78419507907697,827.5288811677007,0.15698155224314309,1.4314740235156167,12.219133365716516,0.15590461827669552,0.08560415675882314,321.7321720945376,204.42105305533212,1.303811667237642,1.1577070887282617,2.6064084043117006,1.100123939423039,2.740734308895762,69.48357020847925,552.3133440357936,12.4878552646161,372.09233061163786,1749.7660917486476,1.5489092398738755,1.2307907039785444,3.1715749362882266,0.7299930138114907,3.0965916439729204,0.07033564358370042,577.099202188555,14.816584972815653,425.9898825089633,0.01099539559315624,0.0019620965827400107,0.0023205100926233153,893.8676798982434,5.796010431035007e-05,0.05073663009437412,0.11402939679456903,0.08467667132490868,0.1674482507124666,0.4698619611119899,0.055443838060840224,0.0599725770665225,0.19367929677691367,0.22305604676851715,0.5299977201208957,0.138239853642582,0.07186241484021418,0.0,0.04122938171853656,0.01099542199880048,0.01099542199880054,0.036960793458329116,4.511165245088678e-07,0.0013067131311056094,-3900000.0000000056,15.392097539538485,0.0,0.0,0.0,0.0,0.0,15.392097539538485,413.76444058385033,0.07849077612157154,0.7157370117578084,6.109566682858258,0.07795230913834776,0.04280207837941157,160.8660860472688,102.21052652766606,0.651905833618821,0.5788535443641308,1.3032042021558503,0.5500619697115195,1.370367154447881,34.741785104239625,276.1566720178968,6.24392763230805,186.04616530581893,874.8830458743238,0.7744546199369378,0.6153953519892722,1.5857874681441133,0.36499650690574537,1.5482958219864602,0.03516782179185021,288.5496010942775,7.408292486407826,212.99494125448166,0.00549769779657812,0.0009810482913700054,0.0011602550463116576,446.9338399491217,2.8980052155175036e-05,0.02536831504718706,0.05701469839728451,0.04233833566245434,0.0837241253562333,0.23493098055599496,0.027721919030420112,0.02998628853326125,0.09683964838845684,0.11152802338425857,0.26499886006044787,0.069119926821291,0.03593120742010709,0.0,0.02061469085926828,0.00549771099940024,0.00549771099940027,0.018480396729164558,2.255582622544339e-07,0.0006533565655528047
-3880000.0000000023,37.5,-3.8800000000000026,43.3427,5.0,10.0,11.0,37.5,19857.95,-0.2292035,38.63405,6.0062,118.744,0.43490375,-345.24554775,452.7225,-6.068642499999999,-6.1386575,-10.0712425,-3.4777449999999996,-4.3975925,-194.55275,11076.125,38.52515,10266.9825,20972.475,-4.8436,-4.9136125,-7.6211525,-2.2527,-3.1725425,0.66186375,11231.125,52.6132,10421.9275,0.51894675,0.991856,0.0092412975,21653.052499999998,-0.00162308,1.1412,12.297475,9.8901975,118.22925000000001,83.2992,0.97090125,12.231125,10.708275,118.15700000000001,131.677,0.072299675,-48.37765,-213.1868131868133,0.9278651718317776,0.5189475197788697,0.48105248022113034,0.009769656610292497,1.1924131284273234e-07,0.0003453967673463209,-3880000.0000000023,30.78419507907697,0.0,0.0,0.0,0.0,0.0,30.78419507907697,620.5468206885511,0.12066510308149027,1.128152768910312,12.161809674276823,0.1797776404339511,0.2666659565491065,694.3249654225228,93.25291072311538,1.168714920026123,1.9863877785463573,2.058486867845328,0.7095437360492068,1.5903538036628828,28.27027110322786,173.28626364102345,16.242099265078597,591.9138714585084,10526.795040079072,1.0429106041267389,1.9023372571720822,1.9224363159694866,0.7619817549434281,1.5344251778081808,0.07674549777185634,180.75492386101206,16.988560187373146,585.0255382103711,0.012903753313797228,0.0026859668650227576,0.002985340411861211,682.0813776168251,0.000154717476927032,0.02882242182745924,0.12461311795580267,0.11568894801002653,0.2387416665212251,0.7291423409275702,0.06248881038700714,0.06903315024923429,0.1978295288878785,0.24358571386680522,0.9803584378515221,0.10050770411759073,0.2585375988130156,0.0,0.04762582158835368,0.012903961158568435,0.012903961158568414,0.011576597891778116,1.412955220364395e-07,0.0004092794299930551,-3880000.0000000023,15.392097539538485,0.0,0.0,0.0,0.0,0.0,15.392097539538485,310.27341034427553,0.060332551540745134,0.564076384455156,6.080904837138411,0.08988882021697556,0.13333297827455326,347.1624827112614,46.62645536155769,0.5843574600130615,0.9931938892731786,1.029243433922664,0.3547718680246034,0.7951769018314414,14.13513555161393,86.64313182051173,8.121049632539298,295.9569357292542,5263.397520039536,0.5214553020633694,0.9511686285860411,0.9612181579847433,0.38099087747171406,0.7672125889040904,0.03837274888592817,90.37746193050603,8.494280093686573,292.51276910518555,0.006451876656898614,0.0013429834325113788,0.0014926702059306054,341.04068880841254,7.7358738463516e-05,0.01441121091372962,0.062306558977901334,0.05784447400501327,0.11937083326061255,0.3645711704637851,0.03124440519350357,0.034516575124617144,0.09891476444393925,0.12179285693340261,0.49017921892576105,0.050253852058795366,0.1292687994065078,0.0,0.02381291079417684,0.006451980579284217,0.006451980579284207,0.005788298945889058,7.064776101821975e-08,0.00020463971499652754
-3860000.0000000065,60.0,-3.8600000000000065,43.3627,5.0,10.0,11.0,60.0,19789.166666666668,-0.1709526866666667,38.1374,9.4668,118.55511111111112,0.30176813333333335,-19.80802222222222,303.4452222222286,-5.450508888888889,-4.788101111111112,-7.191775555555555,-4.0655222222222225,-4.113734511111111,-154.97663333333333,10912.722222222223,36.570012222222225,10185.650000000001,18448.68888888889,-4.474663333333333,-3.812251555555556,-5.240081111111111,-3.0896756666666665,-3.1378855555555556,0.743883,11036.155555555555,47.79223333333333,10309.08888888889,0.5169349999999999,0.9924550000000001,0.008481043333333334,21345.244444444445,-0.0014348755555555557,1.1150544444444443,12.313233333333335,9.955955555555555,118.08833333333334,83.8989,0.9604288888888889,12.178433333333334,10.748355555555555,117.94555555555556,132.3107777777778,0.14268956666666666,-48.41193333333334,-212.08791208791243,0.9349419853507138,0.5169348394425141,0.4830651605574859,0.022256635173887533,2.7164827828238557e-07,0.0007868618261330088,-3860000.0000000065,16.904141504376966,0.0,0.0,0.0,0.0,0.0,16.904141504376966,854.600067282936,0.16121275633109838,1.0283395402297846,8.06753460017371,0.13519194173882212,0.4806148759388514,238.10273596606245,217.66323938240026,2.518670839825266,2.55357432938834,2.0078116352207385,1.9549091246703632,2.380194921593955,59.804862071030655,490.649828741889,14.945333741693242,350.94233778499824,8484.178919530817,2.4783754943863934,2.389039031964898,1.9871776046408411,2.100185387278228,2.3426171721951876,0.06308828514272674,478.0532269295735,13.978337136351378,330.59982775420644,0.008434335628844755,0.0022660659191647728,0.002559111822522611,734.8956135246528,0.00014029016965838264,0.03537665653757821,0.19518733309310846,0.10550796108719832,0.152818519820075,0.2869742627832709,0.031807453833356605,0.16894717369639536,0.1283392293017916,0.14563405432033671,0.35750411808039295,0.1361470228665137,0.15505496606042707,0.0,0.03187303386131777,0.008434452530993904,0.008434452530993907,0.030617312440606444,3.736926154894537e-07,0.001082445490527957,-3860000.0000000065,5.634713834792322,0.0,0.0,0.0,0.0,0.0,5.634713834792322,284.866689094312,0.053737585443699463,0.3427798467432615,2.6891782000579036,0.04506398057960737,0.16020495864628378,79.36757865535415,72.55441312746676,0.8395569466084221,0.8511914431294466,0.6692705450735795,0.651636374890121,0.7933983071979849,19.934954023676884,163.549942913963,4.981777913897747,116.98077926166609,2828.059639843606,0.8261251647954644,0.7963463439882995,0.6623925348802804,0.7000617957594093,0.7808723907317292,0.021029428380908915,159.35107564319117,4.659445712117126,110.1999425847355,0.0028114452096149184,0.0007553553063882575,0.0008530372741742037,244.9652045082176,4.6763389886127546e-05,0.011792218845859405,0.06506244436436949,0.03516932036239944,0.050939506606691665,0.09565808759442362,0.010602484611118868,0.056315724565465124,0.04277974310059719,0.048544684773445576,0.11916803936013098,0.045382340955504565,0.05168498868680902,0.0,0.010624344620439255,0.0028114841769979683,0.0028114841769979687,0.010205770813535481,1.2456420516315123e-07,0.00036081516350931905
-3840000.0000000033,40.5,-3.8400000000000034,43.3827,5.0,10.0,11.0,40.5,21056.425000000003,-0.3447435,40.318675,-0.058724999999999916,118.71074999999999,0.48483004999999996,-57.859849999999994,211.81844999999998,-5.0834624999999996,-3.828125,-9.4685375,-2.87514325,-5.1306625,-234.10199999999998,11226.9,45.294475,11120.175,17251.15,-3.6093847500000003,-2.35404675,-6.520372500000001,-1.40106325,-3.6565844999999997,0.612571,11413.375,62.2464,11306.65,0.5022577500000001,0.9905005,0.01007511,22720.025,-0.0014754,1.1435024999999999,12.38335,9.9453325,118.22725,83.47385,1.04583625,12.316325,10.6896,118.105,131.87225,0.122486225,-48.398399999999995,-210.98901098901118,0.9910508704934619,0.5022579682153616,0.4977420317846384,-0.0019026946635177892,-2.3222905232687543e-08,-6.726793092541085e-05,-3840000.0000000033,30.78419507907697,0.0,0.0,0.0,0.0,0.0,30.78419507907697,1290.1488321766094,0.05396049948805145,2.1650568527947107,14.215759299072515,0.2162149778962338,0.5192240971051677,73.18642389125185,198.59626285769662,1.7556856530783065,1.5377009377530684,2.4463591836764964,2.315499479365575,2.9453203016692426,80.95810222989832,683.3460909378201,3.9816848363266195,573.5596706824266,1619.564349858732,2.1283487980114812,1.4779038948644743,1.6826358206174619,2.1820932677887344,3.0374651893425324,0.1144903109641452,681.6139541558699,5.443335890793438,577.8816805079283,0.002664155572909832,0.0012264435032510344,0.0012023228991137668,1257.6961646200596,0.00018438956369599662,0.06118091934309786,0.11136470116992522,0.12669997142199105,0.2350849137368566,0.8136779317805416,0.057084451673960014,0.08734511529940694,0.11188812865238795,0.2273426195561893,0.9297294857466125,0.09206626797354084,0.13214744290627292,0.0,0.010590712943179712,0.0026645980624573013,0.002664598062457366,0.043654526782102236,5.328153580691967e-07,0.001543363603454234,-3840000.0000000033,15.392097539538485,0.0,0.0,0.0,0.0,0.0,15.392097539538485,645.0744160883047,0.026980249744025724,1.0825284263973554,7.107879649536257,0.1081074889481169,0.25961204855258385,36.593211945625924,99.29813142884831,0.8778428265391532,0.7688504688765342,1.2231795918382482,1.1577497396827876,1.4726601508346213,40.47905111494916,341.67304546891006,1.9908424181633098,286.7798353412133,809.782174929366,1.0641743990057406,0.7389519474322371,0.8413179103087309,1.0910466338943672,1.5187325946712662,0.0572451554820726,340.80697707793496,2.721667945396719,288.94084025396415,0.001332077786454916,0.0006132217516255172,0.0006011614495568834,628.8480823100298,9.219478184799831e-05,0.03059045967154893,0.05568235058496261,0.06334998571099552,0.1175424568684283,0.4068389658902708,0.028542225836980007,0.04367255764970347,0.055944064326193976,0.11367130977809466,0.46486474287330626,0.04603313398677042,0.06607372145313646,0.0,0.005295356471589856,0.0013322990312286506,0.001332299031228683,0.021827263391051118,2.6640767903459834e-07,0.000771681801727117
-3820000.0000000005,47.5,-3.8200000000000003,43.4027,5.0,10.0,11.0,47.5,20099.175,-0.273203,38.5143,12.304400000000001,118.66925,0.16233775,-42.064975000000004,130.9981342189,-8.015035000000001,-5.78683,-10.7196865,-7.28705,-5.0968475,-255.6685,11215.7,35.499224999999996,10215.0625,17317.75,-6.40515,-4.1769525,-7.499935000000001,-5.6771650000000005,-3.486969,0.7499925000000001,11419.35,54.012825,10418.68,0.5232242500000001,0.9918264999999999,0.009393585,21838.03,-0.0015079625,1.139555,12.456625,9.9250725,118.16825,83.4832,0.96740675,12.25185,10.672,118.03975,131.85475,0.12828035,-48.371700000000004,-209.8901098901099,0.9122238929710939,0.5232246939325522,0.4767753060674477,-0.002285368456993876,-2.7893542834885837e-08,-8.079699304982038e-05,-3820000.0000000005,30.78419507907697,0.0,0.0,0.0,0.0,0.0,30.78419507907697,1175.495743293017,0.08698366589576843,1.922135362905883,0.1273648041388722,0.11802930427087686,0.25964246407110814,397.1828084893267,246.19183501053195,1.798623278705132,2.401612727078757,6.852604356558826,3.7780330067201193,3.1280681500608325,67.7575284501041,525.4822864125243,8.290324015531601,765.1837155600828,546.6234139393106,1.4674993817602326,2.27330683742685,6.529748398463247,3.7378017723210886,2.98722298034211,0.23477524875860892,571.9766457936315,12.434847882563744,816.1935670742159,0.013723858893061628,0.0016065585371636138,0.0015079546637415866,1276.551447559661,7.293400504337231e-05,0.053187703152765185,0.14287372921569547,0.12476812423451736,0.1643357842954463,0.8428019538025099,0.07853353325119575,0.11883379149046813,0.22755194278816127,0.15774742470163847,1.0726569426739814,0.1961558695354539,0.25172412147693146,0.0,0.05079893815276082,0.013723125513299015,0.013723125513299001,0.036632715117251226,4.4711223923397084e-07,0.0012951142384357004,-3820000.0000000005,15.392097539538485,0.0,0.0,0.0,0.0,0.0,15.392097539538485,587.7478716465085,0.04349183294788422,0.9610676814529415,0.0636824020694361,0.05901465213543843,0.12982123203555407,198.59140424466335,123.09591750526597,0.899311639352566,1.2008063635393784,3.426302178279413,1.8890165033600597,1.5640340750304162,33.87876422505205,262.74114320626217,4.1451620077658005,382.5918577800414,273.3117069696553,0.7337496908801163,1.136653418713425,3.2648741992316235,1.8689008861605443,1.493611490171055,0.11738762437930446,285.98832289681576,6.217423941281872,408.09678353710797,0.006861929446530814,0.0008032792685818069,0.0007539773318707933,638.2757237798305,3.6467002521686156e-05,0.026593851576382593,0.07143686460784773,0.06238406211725868,0.08216789214772315,0.42140097690125494,0.039266766625597874,0.059416895745234066,0.11377597139408063,0.07887371235081923,0.5363284713369907,0.09807793476772694,0.12586206073846573,0.0,0.02539946907638041,0.006861562756649508,0.006861562756649501,0.018316357558625613,2.2355611961698542e-07,0.0006475571192178502
-3800000.000000004,42.5,-3.8000000000000043,43.4227,5.0,10.0,11.0,42.5,20268.225,-0.071109325,38.805275,6.14605,118.69550000000001,0.08138767499999999,-18.846697499999998,379.3266,-6.8492625,-3.2042725,-11.236609999999999,-3.70307225,-3.781475,-199.514025,11135.575,27.522824999999997,10294.130000000001,15781.175,-5.592975,-1.94798925,-8.72404,-2.44678575,-2.52518705,0.58225675,11294.5,41.970125,10453.05,0.5194165,0.99352125,0.00736322,21747.55,-0.0013207325,1.1639,12.216925,9.80487,118.20375,83.56915000000001,0.995567,12.184625,10.49065,118.05850000000001,131.89825000000002,0.145035325,-48.329049999999995,-208.79120879120902,0.9254682700299612,0.5194160891802334,0.4805839108197666,0.005710752566518943,6.970128639263755e-08,0.00020189813770038882,-3800000.000000004,30.78419507907697,0.0,0.0,0.0,0.0,0.0,30.78419507907697,750.2987466114199,0.12795134256368385,0.8853597399739073,11.969065606665655,0.2006896443101456,0.21185465437554704,108.17312585674269,241.34679999999997,0.9827754475082292,1.6816602895427484,3.6219403174357616,3.3135612322796932,2.6195916167283273,112.69079158772986,269.6539186315183,4.040965852676807,389.37410237456726,933.5600261900678,0.5035829414968968,2.1787737778045972,2.2988190343159545,2.7358462245916253,2.2888874975632763,0.12270508680130854,186.67660092612888,10.201844732653337,336.9368140566817,0.006581798968873661,0.0016477727138980065,0.0018536077415318127,473.00036293150384,0.00018163205340743124,0.01223290099145189,0.11588069655181259,0.14357938361756506,0.1720995351533589,0.9489675319349234,0.021984037451447953,0.18851419707809897,0.12054969929452311,0.219232753027469,1.2094605891332821,0.05242128888428027,0.27086996265121166,0.0,0.024148148486753576,0.006581639797917287,0.0065816397979172,0.01195585657399551,1.4592447727801502e-07,0.0004226877541595266,-3800000.000000004,15.392097539538485,0.0,0.0,0.0,0.0,0.0,15.392097539538485,375.14937330570996,0.06397567128184192,0.44267986998695363,5.9845328033328276,0.1003448221550728,0.10592732718777352,54.08656292837134,120.67339999999999,0.4913877237541146,0.8408301447713742,1.8109701587178808,1.6567806161398466,1.3097958083641636,56.34539579386493,134.82695931575915,2.0204829263384037,194.68705118728363,466.7800130950339,0.2517914707484484,1.0893868889022986,1.1494095171579772,1.3679231122958126,1.1444437487816381,0.06135254340065427,93.33830046306444,5.100922366326668,168.46840702834086,0.0032908994844368304,0.0008238863569490033,0.0009268038707659063,236.50018146575192,9.081602670371562e-05,0.006116450495725945,0.057940348275906293,0.07178969180878253,0.08604976757667945,0.4744837659674617,0.010992018725723977,0.09425709853904948,0.060274849647261555,0.1096163765137345,0.6047302945666411,0.026210644442140135,0.13543498132560583,0.0,0.012074074243376788,0.0032908198989586436,0.0032908198989586,0.005977928286997755,7.296223863900751e-08,0.0002113438770797633
